cluster,mk,count
0,speaker_key,1974
0,שמחה רוטמן,950
0,יצחק פינדרוס,282
0,דוד ביטן,259
0,יעקב אשר,189
0,צביקה פוגל,187
0,משה גפני,182
0,ישראל אייכלר,169
0,יוסף טייב,149
0,טלי גוטליב,131
0,נאור שירי,130
0,גלעד קריב,128
0,אליהו רביבו,120
0,יונתן מישרקי,116
0,עמית הלוי,116
0,קארין אלהרר,114
0,מיכאל מרדכי ביטון,113
0,נעמה לזימי,108
0,אופיר כץ,95
0,ארז מלול,86
0,יוראי להב הרצנו,82
0,מיקי לוי,78
0,לימור סון הר מלך,76
0,ינון אזולאי,73
0,מטי צרפתי הרכבי,66
0,אפרת רייטן מרום,63
0,רון כץ,60
0,עודד פורר,59
0,פנינה תמנו,59
0,שלום דנינו,59
0,אלי דלל,53
0,קטי קטרין שטרית,53
0,סימון דוידסון,52
0,משה סעדה,50
0,חמד עמאר,49
0,דבי ביטון,48
0,ולדימיר בליאק,48
0,מיכל מרים וולדיגר,46
0,מירב בן ארי,46
0,אלון שוסטר,44
0,חנוך דב מלביצקי,39
0,משה טור פז,39
0,דן אילוז,36
0,יוליה מלינובסקי,36
0,יולי יואל אדלשטיין,35
0,אלמוג כהן,34
0,מאיר כהן,33
0,זאב אלקין,29
0,צבי ידידיה סוכות,28
0,שרון ניר,27
0,מישל בוסקילה,25
0,אלעזר שטרן,24
0,עאידה תומא סלימאן,24
0,שלי טל מירון,24
0,משה פסל,21
0,יצחק קרויזר,20
0,אוהד טל,19
0,חוה אתי עטייה,19
0,אליהו ברוכי,18
0,אוריאל בוסו,17
0,משה סולומון,17
0,אורית פרקש הכהן,16
0,יסמין פרידמן,16
0,עופר כסיף,16
0,ששון ששי גואטה,16
0,אריאל קלנר,15
0,ניסים ואטורי,15
0,יוסף עטאונה,14
0,ירון לוי,14
0,צגה מלקו,14
0,שלמה קרעי,14
0,יואב קיש,13
0,מירב כהן,12
0,אחמד טיבי,11
0,יואב סגלוביץ',11
0,איימן עודה,10
0,טטיאנה מזרסקי,10
0,סימון מושיאשוילי,10
0,גלית דיסטל אטבריאן,9
0,רם בן ברק,9
0,אימאן ח'טיב יאסין,8
0,יבגני סובה,8
0,משה רוט,8
0,אברהם בצלאל,7
0,בועז ביסמוט,7
0,בועז טופורובסקי,6
0,יאסר חוג'יראת,6
0,ווליד טאהא,5
0,יעל רון בן משה,5
0,שרן מרים השכל,5
0,עידן רול,4
0,מיכל שיר סגמן,3
0,איתן גינזבורג,2
0,גילה גמליאל,2
0,חילי טרופר,2
0,מרב מיכאלי,2
0,מתן כהנא,2
0,אביגדור ליברמן,1
0,אביחי אברהם בוארון,1
0,אורנה ברביבאי,1
0,ואליד אלהואשלה,1
0,יפעת שאשא ביטון,1
0,מנסור עבאס,1
0,עידית סילמן,1
1,speaker_key,2546
1,שמחה רוטמן,811
1,דוד ביטן,617
1,יעקב אשר,439
1,משה גפני,375
1,גלעד קריב,238
1,מיכאל מרדכי ביטון,208
1,ינון אזולאי,207
1,יוסף טייב,206
1,נאור שירי,203
1,ישראל אייכלר,198
1,צביקה פוגל,194
1,יונתן מישרקי,182
1,נעמה לזימי,175
1,עודד פורר,171
1,ולדימיר בליאק,166
1,פנינה תמנו,166
1,יצחק פינדרוס,159
1,אופיר כץ,151
1,אליהו רביבו,148
1,מיקי לוי,148
1,טלי גוטליב,138
1,זאב אלקין,105
1,יוראי להב הרצנו,102
1,עמית הלוי,98
1,שלום דנינו,98
1,לימור סון הר מלך,91
1,יסמין פרידמן,90
1,קארין אלהרר,89
1,אורית פרקש הכהן,86
1,אלי דלל,83
1,מירב בן ארי,83
1,משה סעדה,77
1,מיכל מרים וולדיגר,76
1,יולי יואל אדלשטיין,67
1,מטי צרפתי הרכבי,67
1,סימון דוידסון,67
1,דבי ביטון,64
1,ארז מלול,56
1,רון כץ,54
1,חמד עמאר,53
1,מירב כהן,53
1,ניסים ואטורי,52
1,צבי ידידיה סוכות,51
1,אפרת רייטן מרום,49
1,עאידה תומא סלימאן,46
1,אלון שוסטר,43
1,אביחי אברהם בוארון,42
1,אלעזר שטרן,42
1,חוה אתי עטייה,41
1,חנוך דב מלביצקי,41
1,קטי קטרין שטרית,41
1,אברהם בצלאל,38
1,משה טור פז,38
1,שלי טל מירון,38
1,יואב סגלוביץ',37
1,אוריאל בוסו,36
1,משה פסל,36
1,יצחק קרויזר,34
1,מאיר כהן,32
1,אוהד טל,31
1,יוליה מלינובסקי,31
1,בועז ביסמוט,30
1,טטיאנה מזרסקי,30
1,שרון ניר,30
1,אריאל קלנר,29
1,ירון לוי,28
1,אליהו ברוכי,27
1,אחמד טיבי,26
1,אימאן ח'טיב יאסין,26
1,יאסר חוג'יראת,26
1,יבגני סובה,26
1,שלמה קרעי,26
1,משה סולומון,25
1,שרן מרים השכל,25
1,יוסף עטאונה,23
1,אלמוג כהן,21
1,גלית דיסטל אטבריאן,20
1,יואב קיש,20
1,עופר כסיף,18
1,רם בן ברק,18
1,ווליד טאהא,17
1,צגה מלקו,17
1,בועז טופורובסקי,15
1,דן אילוז,14
1,ואליד אלהואשלה,14
1,עידן רול,14
1,ששון ששי גואטה,13
1,איימן עודה,12
1,מיכל שיר סגמן,12
1,משה רוט,10
1,מתן כהנא,9
1,חיים ביטון,8
1,משה ארבל,8
1,סימון מושיאשוילי,8
1,יפעת שאשא ביטון,7
1,אורנה ברביבאי,6
1,חילי טרופר,6
1,מנסור עבאס,6
1,מרב מיכאלי,6
1,איתמר בן גביר,4
1,מישל בוסקילה,4
1,עמיחי אליהו,3
1,אביגדור ליברמן,2
1,גדעון סער,2
1,אבי מעוז,1
1,אופיר סופר,1
1,איתן גינזבורג,1
1,גדי איזנקוט,1
1,דוד אמסלם,1
1,יעקב מרגי,1
1,יצחק שמעון וסרלאוף,1
1,יריב לוין,1
1,מאיר פרוש,1
1,סמיר בן סעיד,1
1,עידית סילמן,1
2,speaker_key,3688
2,שמחה רוטמן,1188
2,דוד ביטן,938
2,יעקב אשר,780
2,משה גפני,496
2,צביקה פוגל,348
2,אופיר כץ,335
2,גלעד קריב,315
2,ינון אזולאי,315
2,נאור שירי,309
2,יצחק פינדרוס,293
2,פנינה תמנו,293
2,יוסף טייב,281
2,ישראל אייכלר,266
2,יונתן מישרקי,260
2,מיכאל מרדכי ביטון,241
2,עודד פורר,229
2,אליהו רביבו,225
2,ולדימיר בליאק,207
2,נעמה לזימי,190
2,זאב אלקין,189
2,עמית הלוי,175
2,קארין אלהרר,150
2,אלי דלל,148
2,טלי גוטליב,143
2,מיקי לוי,142
2,אפרת רייטן מרום,133
2,מטי צרפתי הרכבי,131
2,מירב בן ארי,131
2,משה סעדה,128
2,יוראי להב הרצנו,127
2,אורית פרקש הכהן,126
2,ארז מלול,120
2,שלום דנינו,115
2,מירב כהן,109
2,סימון דוידסון,106
2,לימור סון הר מלך,103
2,מיכל מרים וולדיגר,100
2,יסמין פרידמן,84
2,חמד עמאר,83
2,רון כץ,83
2,עאידה תומא סלימאן,81
2,יולי יואל אדלשטיין,75
2,אלעזר שטרן,70
2,יואב סגלוביץ',66
2,חנוך דב מלביצקי,64
2,דבי ביטון,61
2,אוריאל בוסו,60
2,משה טור פז,60
2,יצחק קרויזר,57
2,אחמד טיבי,56
2,אוהד טל,55
2,אליהו ברוכי,55
2,צבי ידידיה סוכות,55
2,מאיר כהן,54
2,אלון שוסטר,52
2,יוליה מלינובסקי,49
2,אברהם בצלאל,47
2,איימן עודה,47
2,שלי טל מירון,45
2,יבגני סובה,44
2,עופר כסיף,44
2,בועז טופורובסקי,42
2,שרן מרים השכל,41
2,קטי קטרין שטרית,38
2,יאסר חוג'יראת,37
2,ניסים ואטורי,36
2,ירון לוי,35
2,משה פסל,35
2,שרון ניר,34
2,חוה אתי עטייה,31
2,בועז ביסמוט,30
2,יוסף עטאונה,30
2,צגה מלקו,30
2,רם בן ברק,30
2,אריאל קלנר,29
2,משה סולומון,29
2,מתן כהנא,28
2,מיכל שיר סגמן,27
2,דן אילוז,25
2,טטיאנה מזרסקי,25
2,שלמה קרעי,25
2,אימאן ח'טיב יאסין,23
2,אלמוג כהן,23
2,משה ארבל,23
2,יואב קיש,22
2,אורנה ברביבאי,20
2,מרב מיכאלי,20
2,ששון ששי גואטה,19
2,אביחי אברהם בוארון,17
2,ווליד טאהא,17
2,איתמר בן גביר,15
2,משה רוט,13
2,אביגדור ליברמן,9
2,סימון מושיאשוילי,8
2,ואליד אלהואשלה,7
2,יפעת שאשא ביטון,7
2,מאיר פרוש,7
2,עמיחי אליהו,7
2,גלית דיסטל אטבריאן,6
2,עידן רול,6
2,אריה מכלוף דרעי,4
2,חיים ביטון,3
2,חילי טרופר,3
2,אורי מקלב,2
2,יעל רון בן משה,2
2,מישל בוסקילה,2
2,מנסור עבאס,2
2,אבי דיכטר,1
2,איתן גינזבורג,1
2,בנימין גנץ,1
2,גדעון סער,1
2,יצחק גולדקנופ,1
2,עידית סילמן,1
2,עמיחי שיקלי,1
3,speaker_key,3417
3,שמחה רוטמן,1004
3,דוד ביטן,793
3,יעקב אשר,557
3,גלעד קריב,422
3,משה גפני,360
3,ישראל אייכלר,333
3,נאור שירי,279
3,יוסף טייב,264
3,ינון אזולאי,254
3,אופיר כץ,235
3,אליהו רביבו,229
3,פנינה תמנו,228
3,צביקה פוגל,224
3,יונתן מישרקי,220
3,נעמה לזימי,220
3,טלי גוטליב,177
3,יצחק פינדרוס,167
3,מיכאל מרדכי ביטון,162
3,מיקי לוי,161
3,זאב אלקין,153
3,שלום דנינו,128
3,ולדימיר בליאק,127
3,עודד פורר,127
3,צבי ידידיה סוכות,119
3,אלי דלל,118
3,יוראי להב הרצנו,113
3,קארין אלהרר,113
3,מירב בן ארי,111
3,משה סעדה,100
3,יסמין פרידמן,97
3,מירב כהן,97
3,עמית הלוי,96
3,יואב סגלוביץ',86
3,אפרת רייטן מרום,85
3,אלון שוסטר,83
3,יולי יואל אדלשטיין,82
3,לימור סון הר מלך,82
3,אורית פרקש הכהן,78
3,מיכל מרים וולדיגר,76
3,אוריאל בוסו,71
3,אברהם בצלאל,69
3,מטי צרפתי הרכבי,66
3,ארז מלול,63
3,חמד עמאר,63
3,משה פסל,61
3,סימון דוידסון,60
3,חנוך דב מלביצקי,59
3,אלעזר שטרן,58
3,יוליה מלינובסקי,58
3,חוה אתי עטייה,55
3,דבי ביטון,54
3,משה טור פז,54
3,אריאל קלנר,51
3,אחמד טיבי,49
3,קטי קטרין שטרית,49
3,רון כץ,47
3,שלמה קרעי,46
3,שרון ניר,46
3,אלמוג כהן,45
3,יצחק קרויזר,44
3,יבגני סובה,39
3,ניסים ואטורי,39
3,שרן מרים השכל,39
3,אוהד טל,38
3,אליהו ברוכי,37
3,עאידה תומא סלימאן,36
3,יוסף עטאונה,34
3,שלי טל מירון,34
3,אביחי אברהם בוארון,32
3,איימן עודה,32
3,מאיר כהן,32
3,עופר כסיף,31
3,מיכל שיר סגמן,30
3,רם בן ברק,30
3,אימאן ח'טיב יאסין,29
3,משה סולומון,28
3,בועז ביסמוט,26
3,טטיאנה מזרסקי,26
3,דן אילוז,25
3,יואב קיש,24
3,בועז טופורובסקי,23
3,יאסר חוג'יראת,23
3,צגה מלקו,23
3,ירון לוי,20
3,מתן כהנא,17
3,אורנה ברביבאי,16
3,ווליד טאהא,16
3,יפעת שאשא ביטון,16
3,ששון ששי גואטה,14
3,גלית דיסטל אטבריאן,12
3,משה רוט,12
3,חילי טרופר,10
3,עידן רול,9
3,סימון מושיאשוילי,8
3,אביגדור ליברמן,5
3,מרב מיכאלי,5
3,משה ארבל,5
3,איתן גינזבורג,4
3,דוד אמסלם,4
3,ואליד אלהואשלה,4
3,עמיחי אליהו,4
3,גדעון סער,3
3,משה אבוטבול,3
3,גדי איזנקוט,2
3,אופיר סופר,1
3,יצחק שמעון וסרלאוף,1
3,מישל בוסקילה,1
3,מנסור עבאס,1
4,speaker_key,876
4,דוד ביטן,264
4,אופיר כץ,246
4,יעקב אשר,225
4,יוראי להב הרצנו,192
4,עודד פורר,190
4,שמחה רוטמן,173
4,מטי צרפתי הרכבי,162
4,אליהו ברוכי,159
4,יצחק פינדרוס,135
4,משה גפני,135
4,גלעד קריב,114
4,מיקי לוי,106
4,אוריאל בוסו,103
4,קטי קטרין שטרית,76
4,נעמה לזימי,70
4,חנוך דב מלביצקי,69
4,טלי גוטליב,65
4,ארז מלול,63
4,אלון שוסטר,57
4,מיכאל מרדכי ביטון,57
4,ינון אזולאי,51
4,ישראל אייכלר,41
4,אורית פרקש הכהן,33
4,משה סעדה,33
4,צביקה פוגל,31
4,אפרת רייטן מרום,27
4,יונתן מישרקי,23
4,מאיר כהן,23
4,ולדימיר בליאק,20
4,דבי ביטון,19
4,יסמין פרידמן,18
4,עופר כסיף,18
4,אופיר סופר,16
4,יצחק קרויזר,15
4,אלי דלל,14
4,זאב אלקין,14
4,לימור סון הר מלך,14
4,יולי יואל אדלשטיין,12
4,יבגני סובה,11
4,סימון דוידסון,11
4,אליהו רביבו,10
4,אימאן ח'טיב יאסין,9
4,אביחי אברהם בוארון,8
4,אחמד טיבי,8
4,ואליד אלהואשלה,8
4,יוסף עטאונה,8
4,מירב בן ארי,8
4,טטיאנה מזרסקי,7
4,יוסף טייב,7
4,מיכל שיר סגמן,7
4,משה סולומון,7
4,נאור שירי,7
4,ניסים ואטורי,7
4,עמית הלוי,7
4,אברהם בצלאל,6
4,מנסור עבאס,5
4,יואב סגלוביץ',4
4,אלעזר שטרן,3
4,דני דנון,3
4,יוליה מלינובסקי,3
4,משה טור פז,3
4,צגה מלקו,3
4,קארין אלהרר,3
4,שרון ניר,3
4,יאסר חוג'יראת,2
4,ירון לוי,2
4,מירב כהן,2
4,עאידה תומא סלימאן,2
4,רון כץ,2
4,שלום דנינו,2
4,שלי טל מירון,2
4,אוהד טל,1
4,ווליד טאהא,1
4,חוה אתי עטייה,1
4,חמד עמאר,1
4,משה אבוטבול,1
4,משה רוט,1
4,סימון מושיאשוילי,1
4,צבי ידידיה סוכות,1
5,speaker_key,3909
5,שמחה רוטמן,1041
5,יעקב אשר,908
5,דוד ביטן,790
5,גלעד קריב,491
5,משה גפני,451
5,ישראל אייכלר,347
5,ינון אזולאי,301
5,אופיר כץ,291
5,צביקה פוגל,288
5,נאור שירי,280
5,אליהו רביבו,269
5,נעמה לזימי,249
5,יונתן מישרקי,244
5,יוסף טייב,224
5,טלי גוטליב,216
5,יצחק פינדרוס,208
5,פנינה תמנו,196
5,מיכאל מרדכי ביטון,193
5,קארין אלהרר,186
5,מיקי לוי,176
5,עודד פורר,173
5,ולדימיר בליאק,164
5,משה סעדה,141
5,זאב אלקין,134
5,חנוך דב מלביצקי,126
5,מירב כהן,121
5,צבי ידידיה סוכות,119
5,אפרת רייטן מרום,118
5,אלי דלל,117
5,שלום דנינו,116
5,יוראי להב הרצנו,110
5,אוריאל בוסו,109
5,עמית הלוי,108
5,יסמין פרידמן,105
5,לימור סון הר מלך,100
5,מירב בן ארי,100
5,מיכל מרים וולדיגר,91
5,אורית פרקש הכהן,89
5,מטי צרפתי הרכבי,84
5,משה טור פז,78
5,סימון דוידסון,75
5,רון כץ,74
5,אברהם בצלאל,68
5,אלעזר שטרן,68
5,יואב סגלוביץ',66
5,דבי ביטון,65
5,יוליה מלינובסקי,65
5,יולי יואל אדלשטיין,63
5,ניסים ואטורי,62
5,ארז מלול,61
5,אלון שוסטר,59
5,בועז ביסמוט,57
5,חמד עמאר,57
5,אוהד טל,54
5,עופר כסיף,53
5,משה פסל,52
5,אביחי אברהם בוארון,50
5,שלמה קרעי,49
5,יבגני סובה,47
5,עאידה תומא סלימאן,44
5,משה סולומון,43
5,אחמד טיבי,42
5,אריאל קלנר,42
5,שרון ניר,39
5,איימן עודה,38
5,ירון לוי,36
5,קטי קטרין שטרית,36
5,שרן מרים השכל,36
5,אליהו ברוכי,35
5,מאיר כהן,34
5,בועז טופורובסקי,32
5,יואב קיש,32
5,שלי טל מירון,32
5,אורנה ברביבאי,31
5,אלמוג כהן,31
5,ווליד טאהא,31
5,טטיאנה מזרסקי,31
5,צגה מלקו,31
5,יאסר חוג'יראת,30
5,רם בן ברק,30
5,יצחק קרויזר,29
5,יוסף עטאונה,27
5,מיכל שיר סגמן,25
5,מתן כהנא,25
5,חוה אתי עטייה,21
5,דן אילוז,20
5,אימאן ח'טיב יאסין,19
5,ששון ששי גואטה,19
5,יפעת שאשא ביטון,12
5,משה רוט,12
5,גלית דיסטל אטבריאן,11
5,חילי טרופר,11
5,סימון מושיאשוילי,10
5,עידן רול,8
5,אבי מעוז,5
5,ואליד אלהואשלה,5
5,עמיחי אליהו,5
5,אביגדור ליברמן,4
5,גדי איזנקוט,4
5,מישל בוסקילה,4
5,מנסור עבאס,4
5,איתן גינזבורג,3
5,גדעון סער,3
5,מרב מיכאלי,3
5,משה ארבל,3
5,מאיר פרוש,2
5,ניר ברקת,2
5,איתמר בן גביר,1
5,דוד אמסלם,1
5,חיים ביטון,1
5,יואב בן צור,1
5,עידית סילמן,1
6,speaker_key,5379
6,דוד ביטן,1190
6,שמחה רוטמן,1143
6,ישראל אייכלר,835
6,יעקב אשר,748
6,פנינה תמנו,746
6,משה גפני,683
6,יוסף טייב,580
6,אופיר כץ,576
6,מיכל מרים וולדיגר,572
6,ינון אזולאי,527
6,נאור שירי,487
6,נעמה לזימי,479
6,אליהו רביבו,439
6,עודד פורר,387
6,משה סעדה,373
6,יצחק פינדרוס,359
6,יונתן מישרקי,319
6,צביקה פוגל,294
6,מירב כהן,278
6,אוריאל בוסו,268
6,רון כץ,267
6,חמד עמאר,254
6,מטי צרפתי הרכבי,251
6,מיכאל מרדכי ביטון,242
6,גלעד קריב,240
6,קארין אלהרר,228
6,ולדימיר בליאק,217
6,יולי יואל אדלשטיין,211
6,יואב סגלוביץ',197
6,אלי דלל,195
6,מירב בן ארי,194
6,אורית פרקש הכהן,192
6,טלי גוטליב,191
6,יוראי להב הרצנו,191
6,מיקי לוי,177
6,עאידה תומא סלימאן,165
6,אפרת רייטן מרום,162
6,אוהד טל,161
6,דבי ביטון,154
6,משה טור פז,150
6,עמית הלוי,150
6,שלום דנינו,150
6,סימון דוידסון,139
6,ניסים ואטורי,138
6,אלעזר שטרן,111
6,קטי קטרין שטרית,110
6,צגה מלקו,107
6,אלון שוסטר,106
6,זאב אלקין,100
6,יוליה מלינובסקי,97
6,אלמוג כהן,92
6,טטיאנה מזרסקי,88
6,מאיר כהן,87
6,אליהו ברוכי,84
6,חוה אתי עטייה,82
6,לימור סון הר מלך,82
6,שרון ניר,82
6,יסמין פרידמן,74
6,אברהם בצלאל,73
6,יבגני סובה,68
6,שלי טל מירון,67
6,צבי ידידיה סוכות,58
6,יוסף עטאונה,56
6,ארז מלול,55
6,חנוך דב מלביצקי,55
6,ווליד טאהא,53
6,רם בן ברק,52
6,דן אילוז,47
6,איימן עודה,43
6,אריאל קלנר,41
6,מרב מיכאלי,41
6,יצחק קרויזר,40
6,משה סולומון,40
6,עופר כסיף,40
6,משה פסל,39
6,אימאן ח'טיב יאסין,34
6,בועז טופורובסקי,30
6,ירון לוי,30
6,בועז ביסמוט,27
6,אביחי אברהם בוארון,26
6,אחמד טיבי,26
6,מיכל שיר סגמן,26
6,גלית דיסטל אטבריאן,25
6,יאסר חוג'יראת,23
6,ששון ששי גואטה,21
6,סימון מושיאשוילי,20
6,יעל רון בן משה,14
6,שרן מרים השכל,14
6,מתן כהנא,13
6,חילי טרופר,11
6,אביגדור ליברמן,10
6,ואליד אלהואשלה,10
6,משה ארבל,8
6,יפעת שאשא ביטון,7
6,מנסור עבאס,7
6,משה רוט,5
6,דוד אמסלם,4
6,שלמה קרעי,4
6,חיים ביטון,3
6,יואב קיש,3
6,עידן רול,3
6,אורנה ברביבאי,2
6,איתמר בן גביר,2
6,אורי מקלב,1
6,גדי איזנקוט,1
6,גדעון סער,1
6,יעקב מרגי,1
6,מישל בוסקילה,1
6,סמיר בן סעיד,1
6,עמיחי אליהו,1
7,speaker_key,3904
7,שמחה רוטמן,1400
7,דוד ביטן,1007
7,יעקב אשר,716
7,משה גפני,519
7,גלעד קריב,501
7,נאור שירי,356
7,אליהו רביבו,338
7,מיקי לוי,337
7,ולדימיר בליאק,317
7,ישראל אייכלר,317
7,נעמה לזימי,292
7,יוסף טייב,290
7,אופיר כץ,288
7,צביקה פוגל,287
7,מיכאל מרדכי ביטון,277
7,טלי גוטליב,265
7,ינון אזולאי,252
7,לימור סון הר מלך,207
7,עמית הלוי,196
7,יונתן מישרקי,169
7,משה סעדה,165
7,מירב כהן,160
7,יואב סגלוביץ',158
7,עודד פורר,158
7,פנינה תמנו,145
7,יוראי להב הרצנו,135
7,זאב אלקין,127
7,מטי צרפתי הרכבי,122
7,שלום דנינו,118
7,משה פסל,117
7,מיכל מרים וולדיגר,116
7,יסמין פרידמן,114
7,קארין אלהרר,111
7,אלון שוסטר,103
7,חוה אתי עטייה,99
7,אברהם בצלאל,89
7,יצחק פינדרוס,88
7,ניסים ואטורי,86
7,אלעזר שטרן,82
7,אלי דלל,80
7,דבי ביטון,80
7,טטיאנה מזרסקי,79
7,משה טור פז,79
7,ארז מלול,78
7,אורית פרקש הכהן,76
7,מאיר כהן,75
7,רון כץ,74
7,יוליה מלינובסקי,72
7,יולי יואל אדלשטיין,70
7,סימון דוידסון,70
7,עאידה תומא סלימאן,60
7,שרון ניר,60
7,חנוך דב מלביצקי,58
7,קטי קטרין שטרית,53
7,מירב בן ארי,52
7,עופר כסיף,50
7,צבי ידידיה סוכות,50
7,שלי טל מירון,47
7,יצחק קרויזר,45
7,אוריאל בוסו,43
7,אריאל קלנר,42
7,אביחי אברהם בוארון,41
7,יאסר חוג'יראת,41
7,רם בן ברק,40
7,אליהו ברוכי,37
7,אלמוג כהן,34
7,יואב קיש,34
7,איימן עודה,30
7,יוסף עטאונה,30
7,דן אילוז,28
7,ירון לוי,27
7,ששון ששי גואטה,27
7,בועז ביסמוט,24
7,משה סולומון,24
7,סימון מושיאשוילי,23
7,חמד עמאר,21
7,יבגני סובה,20
7,עמיחי אליהו,16
7,מיכל שיר סגמן,15
7,עידן רול,14
7,אוהד טל,13
7,אחמד טיבי,12
7,אפרת רייטן מרום,12
7,אימאן ח'טיב יאסין,10
7,אורנה ברביבאי,9
7,בועז טופורובסקי,9
7,מרב מיכאלי,9
7,משה רוט,9
7,צגה מלקו,9
7,מתן כהנא,8
7,שרן מרים השכל,7
7,ואליד אלהואשלה,6
7,מישל בוסקילה,5
7,גדעון סער,4
7,גלית דיסטל אטבריאן,4
7,חילי טרופר,4
7,אביגדור ליברמן,3
7,יפעת שאשא ביטון,3
7,ווליד טאהא,2
7,איתמר בן גביר,1
7,אמיר אוחנה,1
7,גדי איזנקוט,1
7,מאיר פרוש,1
7,משה ארבל,1
7,שלמה קרעי,1
8,speaker_key,3231
8,שמחה רוטמן,1379
8,דוד ביטן,699
8,יצחק פינדרוס,451
8,יעקב אשר,444
8,משה גפני,388
8,אוריאל בוסו,367
8,נעמה לזימי,330
8,נאור שירי,304
8,גלעד קריב,295
8,יולי יואל אדלשטיין,258
8,משה סעדה,247
8,מיכאל מרדכי ביטון,240
8,אופיר כץ,213
8,ינון אזולאי,183
8,טלי גוטליב,168
8,יוראי להב הרצנו,161
8,עודד פורר,160
8,ישראל אייכלר,159
8,עמית הלוי,159
8,יוסף טייב,157
8,מיקי לוי,146
8,מיכל מרים וולדיגר,145
8,צבי ידידיה סוכות,144
8,שרון ניר,141
8,ניסים ואטורי,135
8,לימור סון הר מלך,132
8,ולדימיר בליאק,131
8,קארין אלהרר,126
8,מירב כהן,119
8,יונתן מישרקי,116
8,יואב סגלוביץ',115
8,שלום דנינו,110
8,סימון דוידסון,109
8,פנינה תמנו,103
8,עאידה תומא סלימאן,96
8,מירב בן ארי,89
8,משה סולומון,88
8,אריאל קלנר,84
8,מטי צרפתי הרכבי,84
8,מאיר כהן,83
8,יסמין פרידמן,82
8,חמד עמאר,81
8,משה טור פז,80
8,אברהם בצלאל,79
8,אליהו רביבו,71
8,זאב אלקין,71
8,חוה אתי עטייה,69
8,אפרת רייטן מרום,66
8,יוליה מלינובסקי,63
8,צביקה פוגל,57
8,ארז מלול,52
8,אלי דלל,51
8,שלי טל מירון,51
8,אלון שוסטר,47
8,אלמוג כהן,46
8,אלעזר שטרן,45
8,חנוך דב מלביצקי,44
8,רם בן ברק,44
8,אורית פרקש הכהן,40
8,אחמד טיבי,39
8,טטיאנה מזרסקי,39
8,יואב קיש,39
8,ירון לוי,38
8,יבגני סובה,34
8,משה ארבל,32
8,שרן מרים השכל,32
8,דבי ביטון,30
8,מנסור עבאס,30
8,קטי קטרין שטרית,30
8,יאסר חוג'יראת,26
8,יוסף עטאונה,25
8,רון כץ,25
8,אימאן ח'טיב יאסין,24
8,אביחי אברהם בוארון,23
8,יצחק קרויזר,20
8,גדי איזנקוט,17
8,בועז ביסמוט,16
8,אוהד טל,15
8,צגה מלקו,15
8,ששון ששי גואטה,15
8,ואליד אלהואשלה,10
8,ווליד טאהא,10
8,חילי טרופר,10
8,מתן כהנא,10
8,משה פסל,9
8,אליהו ברוכי,8
8,גלית דיסטל אטבריאן,8
8,מיכל שיר סגמן,8
8,מרב מיכאלי,8
8,עידן רול,8
8,איימן עודה,7
8,דן אילוז,7
8,עופר כסיף,6
8,אורנה ברביבאי,4
8,בועז טופורובסקי,4
8,משה רוט,4
8,אופיר סופר,3
8,אורי מקלב,3
8,חיים ביטון,3
8,גדעון סער,2
8,שלמה קרעי,2
8,מאי גולן,1
8,מאיר פרוש,1
8,סימון מושיאשוילי,1
8,עמיחי אליהו,1
9,speaker_key,3755
9,שמחה רוטמן,1027
9,דוד ביטן,812
9,משה גפני,696
9,אליהו רביבו,336
9,ינון אזולאי,326
9,מיכאל מרדכי ביטון,293
9,נאור שירי,281
9,יעקב אשר,278
9,יצחק פינדרוס,277
9,זאב אלקין,237
9,פנינה תמנו,233
9,אופיר כץ,223
9,יוסף טייב,221
9,גלעד קריב,220
9,נעמה לזימי,215
9,אורית פרקש הכהן,212
9,יונתן מישרקי,193
9,יולי יואל אדלשטיין,183
9,עודד פורר,182
9,מיכל שיר סגמן,174
9,ישראל אייכלר,162
9,ולדימיר בליאק,161
9,צביקה פוגל,151
9,טלי גוטליב,144
9,לימור סון הר מלך,127
9,משה סעדה,119
9,בועז טופורובסקי,117
9,עמית הלוי,111
9,מירב בן ארי,109
9,שלום דנינו,109
9,חמד עמאר,107
9,אפרת רייטן מרום,101
9,אברהם בצלאל,97
9,יואב קיש,97
9,קארין אלהרר,96
9,שלמה קרעי,96
9,שרון ניר,92
9,אורנה ברביבאי,91
9,אלי דלל,87
9,יואב סגלוביץ',80
9,יסמין פרידמן,79
9,שרן מרים השכל,71
9,חנוך דב מלביצקי,70
9,מאיר כהן,70
9,קטי קטרין שטרית,68
9,אוריאל בוסו,65
9,מיקי לוי,64
9,אלעזר שטרן,59
9,רם בן ברק,59
9,יבגני סובה,58
9,עאידה תומא סלימאן,58
9,אביחי אברהם בוארון,55
9,סימון דוידסון,52
9,ארז מלול,51
9,משה סולומון,51
9,דן אילוז,50
9,מירב כהן,50
9,אוהד טל,49
9,חוה אתי עטייה,46
9,יוראי להב הרצנו,46
9,יוליה מלינובסקי,45
9,אלון שוסטר,44
9,אביגדור ליברמן,39
9,מיכל מרים וולדיגר,39
9,משה טור פז,38
9,מטי צרפתי הרכבי,35
9,ירון לוי,33
9,דבי ביטון,32
9,רון כץ,31
9,אימאן ח'טיב יאסין,27
9,אליהו ברוכי,27
9,משה פסל,26
9,עידן רול,26
9,יצחק קרויזר,23
9,טטיאנה מזרסקי,21
9,ווליד טאהא,20
9,עופר כסיף,20
9,אחמד טיבי,19
9,אריאל קלנר,18
9,מרב מיכאלי,18
9,אלמוג כהן,17
9,מתן כהנא,15
9,איימן עודה,14
9,יוסף עטאונה,14
9,צבי ידידיה סוכות,14
9,שלי טל מירון,13
9,בועז ביסמוט,11
9,משה רוט,11
9,יאסר חוג'יראת,10
9,צגה מלקו,8
9,ששון ששי גואטה,8
9,ניסים ואטורי,7
9,עמיחי אליהו,6
9,אריה מכלוף דרעי,5
9,חילי טרופר,5
9,סימון מושיאשוילי,5
9,גדעון סער,4
9,גלית דיסטל אטבריאן,4
9,יפעת שאשא ביטון,4
9,גדי איזנקוט,3
9,יעל רון בן משה,2
9,משה ארבל,2
9,איתן גינזבורג,1
9,ואליד אלהואשלה,1
9,יאיר לפיד,1
9,יואב בן צור,1
9,עפיף עבד,1
10,speaker_key,2944
10,שמחה רוטמן,774
10,דוד ביטן,580
10,יעקב אשר,496
10,משה גפני,380
10,גלעד קריב,277
10,נאור שירי,274
10,ישראל אייכלר,263
10,ינון אזולאי,257
10,מיכאל מרדכי ביטון,244
10,צביקה פוגל,238
10,אופיר כץ,215
10,יוסף טייב,212
10,יצחק פינדרוס,210
10,פנינה תמנו,206
10,אליהו רביבו,185
10,נעמה לזימי,184
10,יולי יואל אדלשטיין,170
10,טלי גוטליב,161
10,יונתן מישרקי,145
10,עודד פורר,145
10,ולדימיר בליאק,143
10,מיקי לוי,125
10,קארין אלהרר,113
10,זאב אלקין,110
10,מירב בן ארי,108
10,לימור סון הר מלך,101
10,אלי דלל,100
10,שלום דנינו,100
10,עמית הלוי,97
10,אורית פרקש הכהן,95
10,ארז מלול,91
10,יסמין פרידמן,89
10,חנוך דב מלביצקי,84
10,מיכל מרים וולדיגר,84
10,אפרת רייטן מרום,83
10,יוראי להב הרצנו,80
10,מטי צרפתי הרכבי,74
10,אוריאל בוסו,70
10,יואב סגלוביץ',67
10,מירב כהן,67
10,חמד עמאר,66
10,משה סעדה,65
10,שרן מרים השכל,61
10,חוה אתי עטייה,59
10,סימון דוידסון,58
10,דבי ביטון,48
10,רון כץ,48
10,אלון שוסטר,45
10,אלעזר שטרן,45
10,צבי ידידיה סוכות,44
10,משה טור פז,43
10,קטי קטרין שטרית,43
10,מאיר כהן,41
10,ניסים ואטורי,41
10,אלמוג כהן,40
10,בועז ביסמוט,40
10,יצחק קרויזר,40
10,משה פסל,39
10,יוליה מלינובסקי,38
10,יבגני סובה,37
10,אברהם בצלאל,35
10,יוסף עטאונה,35
10,עאידה תומא סלימאן,34
10,אביחי אברהם בוארון,31
10,ירון לוי,31
10,שלי טל מירון,31
10,שלמה קרעי,31
10,אימאן ח'טיב יאסין,30
10,משה סולומון,29
10,אחמד טיבי,27
10,טטיאנה מזרסקי,27
10,אוהד טל,26
10,עופר כסיף,26
10,שרון ניר,24
10,אליהו ברוכי,23
10,מיכל שיר סגמן,20
10,אריאל קלנר,19
10,בועז טופורובסקי,19
10,יואב קיש,18
10,איימן עודה,16
10,רם בן ברק,16
10,ווליד טאהא,15
10,יאסר חוג'יראת,14
10,עידן רול,14
10,דן אילוז,13
10,סימון מושיאשוילי,12
10,צגה מלקו,10
10,ששון ששי גואטה,10
10,גלית דיסטל אטבריאן,9
10,יפעת שאשא ביטון,9
10,מתן כהנא,9
10,עמיחי אליהו,9
10,אורנה ברביבאי,8
10,מרב מיכאלי,8
10,אביגדור ליברמן,7
10,חילי טרופר,7
10,משה ארבל,7
10,ואליד אלהואשלה,5
10,איתן גינזבורג,3
10,משה רוט,3
10,גדי איזנקוט,2
10,גילה גמליאל,2
10,דוד אמסלם,2
10,דני דנון,2
10,יואב גלנט,2
10,איתמר בן גביר,1
10,יעל רון בן משה,1
10,יעקב מרגי,1
10,מאיר פרוש,1
10,מנסור עבאס,1
10,עידית סילמן,1
11,speaker_key,2639
11,שמחה רוטמן,713
11,דוד ביטן,642
11,יעקב אשר,541
11,משה גפני,334
11,ישראל אייכלר,256
11,ינון אזולאי,253
11,גלעד קריב,248
11,אליהו רביבו,222
11,נאור שירי,215
11,נעמה לזימי,215
11,יונתן מישרקי,197
11,אופיר כץ,194
11,יוסף טייב,193
11,מיכאל מרדכי ביטון,191
11,מיקי לוי,190
11,יצחק פינדרוס,172
11,צביקה פוגל,166
11,עודד פורר,154
11,פנינה תמנו,149
11,קארין אלהרר,127
11,ולדימיר בליאק,118
11,טלי גוטליב,115
11,שלום דנינו,104
11,אורית פרקש הכהן,101
11,עמית הלוי,101
11,לימור סון הר מלך,98
11,מירב בן ארי,97
11,זאב אלקין,96
11,יולי יואל אדלשטיין,87
11,יוראי להב הרצנו,87
11,אפרת רייטן מרום,85
11,מיכל מרים וולדיגר,84
11,אלי דלל,80
11,יסמין פרידמן,79
11,משה סעדה,76
11,ארז מלול,70
11,מטי צרפתי הרכבי,68
11,מירב כהן,68
11,צבי ידידיה סוכות,68
11,דבי ביטון,66
11,אוריאל בוסו,59
11,אלעזר שטרן,56
11,יואב סגלוביץ',56
11,רון כץ,55
11,חמד עמאר,51
11,סימון דוידסון,49
11,חוה אתי עטייה,48
11,משה פסל,48
11,מאיר כהן,46
11,עאידה תומא סלימאן,46
11,אלון שוסטר,44
11,חנוך דב מלביצקי,44
11,אברהם בצלאל,43
11,עופר כסיף,42
11,שלי טל מירון,42
11,יצחק קרויזר,36
11,אוהד טל,35
11,קטי קטרין שטרית,35
11,רם בן ברק,35
11,יוסף עטאונה,34
11,ניסים ואטורי,34
11,בועז טופורובסקי,32
11,יבגני סובה,31
11,אביחי אברהם בוארון,30
11,בועז ביסמוט,30
11,אריאל קלנר,29
11,משה טור פז,29
11,אליהו ברוכי,28
11,שרון ניר,28
11,שלמה קרעי,27
11,יוליה מלינובסקי,26
11,אימאן ח'טיב יאסין,24
11,טטיאנה מזרסקי,24
11,אחמד טיבי,23
11,איימן עודה,22
11,ווליד טאהא,21
11,יאסר חוג'יראת,19
11,ירון לוי,19
11,צגה מלקו,19
11,מיכל שיר סגמן,17
11,שרן מרים השכל,16
11,ששון ששי גואטה,16
11,אורנה ברביבאי,15
11,משה סולומון,15
11,סימון מושיאשוילי,15
11,אלמוג כהן,14
11,יואב קיש,13
11,דן אילוז,12
11,מתן כהנא,12
11,ואליד אלהואשלה,10
11,מרב מיכאלי,10
11,יפעת שאשא ביטון,8
11,משה רוט,7
11,יעקב מרגי,6
11,גלית דיסטל אטבריאן,5
11,עידן רול,5
11,גילה גמליאל,4
11,דוד אמסלם,4
11,מישל בוסקילה,4
11,גדעון סער,3
11,אביגדור ליברמן,2
11,איתמר בן גביר,2
11,אריה מכלוף דרעי,2
11,חיים ביטון,2
11,יריב לוין,2
11,משה ארבל,2
11,אבי מעוז,1
11,איתן גינזבורג,1
11,בנימין נתניהו,1
11,גדי איזנקוט,1
11,חילי טרופר,1
11,יצחק שמעון וסרלאוף,1
11,מנסור עבאס,1
11,עמיחי אליהו,1
11,עפיף עבד,1
12,speaker_key,5494
12,שמחה רוטמן,1857
12,נאור שירי,804
12,דוד ביטן,781
12,יוסף טייב,551
12,משה גפני,433
12,אליהו רביבו,430
12,טלי גוטליב,414
12,יונתן מישרקי,405
12,מיקי לוי,385
12,יעקב אשר,349
12,מיכאל מרדכי ביטון,304
12,עמית הלוי,270
12,אופיר כץ,267
12,גלעד קריב,251
12,פנינה תמנו,250
12,נעמה לזימי,226
12,ישראל אייכלר,223
12,עודד פורר,222
12,יצחק פינדרוס,220
12,משה סעדה,220
12,יוליה מלינובסקי,200
12,ינון אזולאי,190
12,צביקה פוגל,188
12,מירב בן ארי,184
12,יוראי להב הרצנו,171
12,ארז מלול,170
12,צבי ידידיה סוכות,159
12,לימור סון הר מלך,157
12,זאב אלקין,148
12,קארין אלהרר,147
12,שלום דנינו,143
12,ולדימיר בליאק,142
12,אורית פרקש הכהן,141
12,מטי צרפתי הרכבי,121
12,יסמין פרידמן,115
12,אפרת רייטן מרום,89
12,רון כץ,88
12,יולי יואל אדלשטיין,86
12,דן אילוז,85
12,סימון דוידסון,85
12,אלי דלל,82
12,מיכל מרים וולדיגר,77
12,שרן מרים השכל,76
12,יצחק קרויזר,75
12,קטי קטרין שטרית,75
12,חוה אתי עטייה,74
12,חמד עמאר,72
12,משה פסל,58
12,ניסים ואטורי,58
12,אלמוג כהן,57
12,אוהד טל,53
12,חנוך דב מלביצקי,53
12,מירב כהן,48
12,משה טור פז,48
12,משה סולומון,48
12,ששון ששי גואטה,46
12,אלעזר שטרן,45
12,טטיאנה מזרסקי,44
12,יואב סגלוביץ',43
12,עאידה תומא סלימאן,43
12,אחמד טיבי,41
12,אליהו ברוכי,41
12,שלי טל מירון,39
12,עופר כסיף,35
12,שרון ניר,35
12,יבגני סובה,34
12,אלון שוסטר,33
12,מאיר כהן,32
12,צגה מלקו,32
12,אברהם בצלאל,30
12,אוריאל בוסו,29
12,בועז ביסמוט,27
12,יוסף עטאונה,25
12,דוד אמסלם,22
12,יאסר חוג'יראת,22
12,דבי ביטון,21
12,אימאן ח'טיב יאסין,19
12,יפעת שאשא ביטון,19
12,מיכל שיר סגמן,19
12,בועז טופורובסקי,18
12,ירון לוי,16
12,מתן כהנא,15
12,ווליד טאהא,12
12,רם בן ברק,12
12,איימן עודה,11
12,מנסור עבאס,11
12,ואליד אלהואשלה,10
12,משה רוט,9
12,מרב מיכאלי,8
12,אריאל קלנר,6
12,סימון מושיאשוילי,6
12,משה ארבל,5
12,עידן רול,4
12,עפיף עבד,4
12,אורנה ברביבאי,3
12,אביחי אברהם בוארון,2
12,גלית דיסטל אטבריאן,2
12,מישל בוסקילה,2
12,אביגדור ליברמן,1
12,איתמר בן גביר,1
12,גדעון סער,1
12,יואב קיש,1
13,speaker_key,3546
13,שמחה רוטמן,1037
13,דוד ביטן,699
13,יעקב אשר,662
13,משה גפני,456
13,גלעד קריב,386
13,ינון אזולאי,316
13,אופיר כץ,295
13,ישראל אייכלר,294
13,נאור שירי,280
13,יונתן מישרקי,254
13,נעמה לזימי,249
13,אליהו רביבו,243
13,מיכאל מרדכי ביטון,236
13,צביקה פוגל,232
13,יוסף טייב,226
13,יצחק פינדרוס,221
13,ולדימיר בליאק,214
13,מיקי לוי,184
13,פנינה תמנו,180
13,זאב אלקין,164
13,עודד פורר,153
13,טלי גוטליב,136
13,אלי דלל,128
13,קארין אלהרר,123
13,יוראי להב הרצנו,114
13,לימור סון הר מלך,113
13,מירב כהן,109
13,אורית פרקש הכהן,107
13,מטי צרפתי הרכבי,106
13,חמד עמאר,100
13,עמית הלוי,100
13,שלום דנינו,95
13,חנוך דב מלביצקי,93
13,משה סעדה,92
13,אברהם בצלאל,91
13,מירב בן ארי,91
13,יסמין פרידמן,84
13,אוריאל בוסו,83
13,מיכל מרים וולדיגר,80
13,יוליה מלינובסקי,79
13,דבי ביטון,76
13,צבי ידידיה סוכות,74
13,יולי יואל אדלשטיין,73
13,סימון דוידסון,73
13,יואב סגלוביץ',72
13,משה טור פז,67
13,ניסים ואטורי,62
13,אפרת רייטן מרום,60
13,אלון שוסטר,59
13,רון כץ,59
13,ארז מלול,56
13,שלי טל מירון,55
13,עאידה תומא סלימאן,53
13,אוהד טל,51
13,בועז ביסמוט,51
13,משה סולומון,49
13,יצחק קרויזר,48
13,חוה אתי עטייה,47
13,אלעזר שטרן,46
13,אחמד טיבי,45
13,יבגני סובה,44
13,קטי קטרין שטרית,44
13,עופר כסיף,43
13,טטיאנה מזרסקי,42
13,מאיר כהן,42
13,אביחי אברהם בוארון,41
13,יוסף עטאונה,41
13,שלמה קרעי,40
13,מיכל שיר סגמן,39
13,שרון ניר,38
13,אריאל קלנר,36
13,יאסר חוג'יראת,36
13,רם בן ברק,35
13,איימן עודה,34
13,אליהו ברוכי,34
13,משה פסל,33
13,אימאן ח'טיב יאסין,32
13,אורנה ברביבאי,30
13,אלמוג כהן,24
13,ווליד טאהא,24
13,בועז טופורובסקי,23
13,יואב קיש,23
13,שרן מרים השכל,22
13,ששון ששי גואטה,22
13,צגה מלקו,20
13,ירון לוי,19
13,משה ארבל,19
13,מתן כהנא,19
13,דן אילוז,17
13,ואליד אלהואשלה,15
13,יפעת שאשא ביטון,12
13,מישל בוסקילה,12
13,סימון מושיאשוילי,12
13,מרב מיכאלי,11
13,משה רוט,11
13,גלית דיסטל אטבריאן,10
13,אביגדור ליברמן,8
13,איתמר בן גביר,6
13,גדעון סער,6
13,עמיחי אליהו,6
13,גדי איזנקוט,5
13,חילי טרופר,4
13,מנסור עבאס,4
13,עידן רול,4
13,איתן גינזבורג,2
13,אבי מעוז,1
13,יעקב מרגי,1
13,יצחק שמעון וסרלאוף,1
13,מאיר פרוש,1
14,speaker_key,3664
14,שמחה רוטמן,1000
14,דוד ביטן,987
14,יעקב אשר,721
14,משה גפני,529
14,גלעד קריב,351
14,יוסף טייב,318
14,פנינה תמנו,312
14,ישראל אייכלר,289
14,אופיר כץ,272
14,נאור שירי,258
14,צביקה פוגל,256
14,יונתן מישרקי,248
14,אליהו רביבו,241
14,מיכאל מרדכי ביטון,234
14,יצחק פינדרוס,224
14,ינון אזולאי,223
14,נעמה לזימי,218
14,קארין אלהרר,175
14,מיקי לוי,170
14,עודד פורר,158
14,זאב אלקין,157
14,ולדימיר בליאק,146
14,טלי גוטליב,146
14,עמית הלוי,140
14,צבי ידידיה סוכות,139
14,יוראי להב הרצנו,138
14,אלי דלל,131
14,מירב כהן,129
14,יסמין פרידמן,127
14,לימור סון הר מלך,126
14,יולי יואל אדלשטיין,118
14,מיכל מרים וולדיגר,114
14,שלום דנינו,114
14,חנוך דב מלביצקי,110
14,אפרת רייטן מרום,107
14,מירב בן ארי,106
14,משה סעדה,106
14,אוריאל בוסו,103
14,אלון שוסטר,103
14,אורית פרקש הכהן,97
14,חמד עמאר,97
14,מטי צרפתי הרכבי,95
14,יואב סגלוביץ',89
14,אברהם בצלאל,73
14,ניסים ואטורי,72
14,אלעזר שטרן,71
14,דבי ביטון,65
14,משה טור פז,62
14,עאידה תומא סלימאן,62
14,משה פסל,61
14,קטי קטרין שטרית,59
14,רון כץ,59
14,יצחק קרויזר,57
14,יוליה מלינובסקי,55
14,ארז מלול,54
14,שלי טל מירון,53
14,סימון דוידסון,51
14,שרון ניר,50
14,בועז ביסמוט,49
14,אחמד טיבי,48
14,עופר כסיף,48
14,אריאל קלנר,44
14,בועז טופורובסקי,44
14,טטיאנה מזרסקי,43
14,משה סולומון,43
14,איימן עודה,42
14,אימאן ח'טיב יאסין,42
14,דן אילוז,42
14,אליהו ברוכי,41
14,יואב קיש,41
14,אוהד טל,40
14,אלמוג כהן,40
14,שלמה קרעי,40
14,חוה אתי עטייה,39
14,יאסר חוג'יראת,38
14,מאיר כהן,38
14,אורנה ברביבאי,37
14,יבגני סובה,36
14,ווליד טאהא,34
14,שרן מרים השכל,32
14,מיכל שיר סגמן,29
14,ששון ששי גואטה,28
14,יוסף עטאונה,27
14,צגה מלקו,24
14,אביחי אברהם בוארון,23
14,גלית דיסטל אטבריאן,20
14,סימון מושיאשוילי,17
14,ירון לוי,16
14,מתן כהנא,14
14,משה ארבל,13
14,רם בן ברק,11
14,אביגדור ליברמן,10
14,ואליד אלהואשלה,10
14,יפעת שאשא ביטון,10
14,אבי מעוז,9
14,חילי טרופר,9
14,משה רוט,9
14,עידן רול,8
14,מנסור עבאס,6
14,חיים ביטון,5
14,מישל בוסקילה,5
14,משה אבוטבול,5
14,יריב לוין,4
14,מרב מיכאלי,4
14,גדעון סער,3
14,עמיחי אליהו,3
14,עידית סילמן,2
14,איתמר בן גביר,1
14,איתן גינזבורג,1
14,גדי איזנקוט,1
14,דוד אמסלם,1
14,יצחק שמעון וסרלאוף,1
15,speaker_key,5020
15,שמחה רוטמן,1337
15,דוד ביטן,1241
15,משה גפני,922
15,יוסף טייב,586
15,גלעד קריב,543
15,יצחק פינדרוס,471
15,נעמה לזימי,463
15,פנינה תמנו,458
15,ישראל אייכלר,439
15,אליהו רביבו,437
15,אופיר כץ,427
15,ינון אזולאי,412
15,יעקב אשר,411
15,נאור שירי,360
15,צביקה פוגל,324
15,שלי טל מירון,314
15,יוראי להב הרצנו,313
15,אלי דלל,309
15,מיקי לוי,305
15,יונתן מישרקי,295
15,טלי גוטליב,287
15,קארין אלהרר,284
15,עודד פורר,282
15,מירב בן ארי,278
15,אורית פרקש הכהן,250
15,בועז טופורובסקי,238
15,לימור סון הר מלך,234
15,מיכאל מרדכי ביטון,228
15,ולדימיר בליאק,220
15,משה סעדה,207
15,עמית הלוי,206
15,מירב כהן,201
15,שלום דנינו,199
15,צבי ידידיה סוכות,193
15,אפרת רייטן מרום,192
15,זאב אלקין,189
15,חמד עמאר,172
15,יואב סגלוביץ',160
15,יולי יואל אדלשטיין,160
15,דבי ביטון,151
15,שרון ניר,147
15,רון כץ,142
15,מטי צרפתי הרכבי,137
15,יסמין פרידמן,132
15,קטי קטרין שטרית,126
15,סימון דוידסון,124
15,משה פסל,118
15,חנוך דב מלביצקי,117
15,אלון שוסטר,112
15,אליהו ברוכי,111
15,אלמוג כהן,111
15,אלעזר שטרן,105
15,מאיר כהן,98
15,עאידה תומא סלימאן,96
15,ניסים ואטורי,94
15,מיכל מרים וולדיגר,92
15,מתן כהנא,79
15,אברהם בצלאל,74
15,משה טור פז,73
15,ארז מלול,70
15,אימאן ח'טיב יאסין,67
15,טטיאנה מזרסקי,66
15,יצחק קרויזר,64
15,אוריאל בוסו,58
15,אחמד טיבי,56
15,אריאל קלנר,56
15,משה סולומון,54
15,חוה אתי עטייה,52
15,יוסף עטאונה,52
15,בועז ביסמוט,48
15,יבגני סובה,44
15,אביחי אברהם בוארון,42
15,יאסר חוג'יראת,42
15,יוליה מלינובסקי,39
15,ירון לוי,33
15,דן אילוז,29
15,מנסור עבאס,29
15,עופר כסיף,28
15,גדעון סער,26
15,מיכל שיר סגמן,25
15,איימן עודה,21
15,אוהד טל,18
15,יפעת שאשא ביטון,17
15,מרב מיכאלי,17
15,ששון ששי גואטה,16
15,צגה מלקו,14
15,ואליד אלהואשלה,13
15,רם בן ברק,13
15,שרן מרים השכל,13
15,משה רוט,12
15,ווליד טאהא,10
15,סימון מושיאשוילי,8
15,חילי טרופר,6
15,עמיחי אליהו,6
15,עידן רול,5
15,מישל בוסקילה,4
15,שלמה קרעי,4
15,איתמר בן גביר,3
15,יאיר לפיד,2
15,משה ארבל,2
15,אביגדור ליברמן,1
15,אורנה ברביבאי,1
15,אלי כהן,1
15,בנימין גנץ,1
15,גדי איזנקוט,1
15,יואב קיש,1
15,יריב לוין,1
15,משה אבוטבול,1
16,speaker_key,4770
16,משה גפני,1081
16,דוד ביטן,1076
16,שמחה רוטמן,979
16,יעקב אשר,834
16,ינון אזולאי,578
16,נאור שירי,565
16,נעמה לזימי,487
16,מיכאל מרדכי ביטון,469
16,גלעד קריב,401
16,עודד פורר,379
16,פנינה תמנו,344
16,ולדימיר בליאק,335
16,יוסף טייב,312
16,אורית פרקש הכהן,277
16,ישראל אייכלר,275
16,מיקי לוי,247
16,יונתן מישרקי,243
16,לימור סון הר מלך,242
16,אופיר כץ,230
16,יסמין פרידמן,229
16,אליהו רביבו,226
16,יולי יואל אדלשטיין,219
16,יצחק פינדרוס,213
16,צביקה פוגל,202
16,טלי גוטליב,163
16,יוראי להב הרצנו,158
16,רון כץ,157
16,חוה אתי עטייה,153
16,זאב אלקין,152
16,סימון דוידסון,149
16,עמית הלוי,147
16,משה סעדה,144
16,צבי ידידיה סוכות,133
16,שלום דנינו,124
16,מירב בן ארי,119
16,אלעזר שטרן,110
16,אלי דלל,109
16,קארין אלהרר,106
16,חמד עמאר,102
16,מיכל מרים וולדיגר,97
16,קטי קטרין שטרית,97
16,אפרת רייטן מרום,96
16,מירב כהן,93
16,ניסים ואטורי,89
16,אוריאל בוסו,87
16,דבי ביטון,87
16,אריאל קלנר,81
16,משה טור פז,79
16,אביחי אברהם בוארון,78
16,רם בן ברק,77
16,מאיר כהן,74
16,מטי צרפתי הרכבי,74
16,אחמד טיבי,69
16,אלון שוסטר,66
16,חנוך דב מלביצקי,64
16,יואב סגלוביץ',64
16,יואב קיש,61
16,שלמה קרעי,61
16,שרן מרים השכל,61
16,עאידה תומא סלימאן,60
16,אימאן ח'טיב יאסין,55
16,ווליד טאהא,52
16,אוהד טל,51
16,יוליה מלינובסקי,51
16,אברהם בצלאל,49
16,שרון ניר,49
16,ארז מלול,48
16,יאסר חוג'יראת,48
16,משה פסל,41
16,יבגני סובה,39
16,משה ארבל,36
16,צגה מלקו,36
16,בועז טופורובסקי,35
16,יוסף עטאונה,34
16,שלי טל מירון,33
16,אליהו ברוכי,32
16,משה סולומון,31
16,בועז ביסמוט,30
16,מיכל שיר סגמן,29
16,עופר כסיף,27
16,יצחק קרויזר,26
16,עידן רול,26
16,טטיאנה מזרסקי,25
16,איימן עודה,22
16,אלמוג כהן,19
16,יפעת שאשא ביטון,19
16,ואליד אלהואשלה,17
16,חיים ביטון,17
16,גלית דיסטל אטבריאן,15
16,ירון לוי,13
16,עמיחי אליהו,13
16,דן אילוז,12
16,אורנה ברביבאי,10
16,גדעון סער,10
16,חילי טרופר,8
16,מרב מיכאלי,8
16,סימון מושיאשוילי,8
16,משה רוט,6
16,מתן כהנא,6
16,מישל בוסקילה,5
16,מנסור עבאס,5
16,ששון ששי גואטה,5
16,מכלוף מיקי זוהר,4
16,עידית סילמן,4
16,אביגדור ליברמן,3
16,משה אבוטבול,3
16,איתן גינזבורג,2
16,גדי איזנקוט,2
16,יעל רון בן משה,2
16,עדי עזוז,2
16,אופיר אקוניס,1
16,אורי מקלב,1
16,אורית מלכה סטרוק,1
16,איתמר בן גביר,1
16,אמיר אוחנה,1
16,יואב בן צור,1
16,יעקב טסלר,1
17,speaker_key,2919
17,שמחה רוטמן,902
17,יעקב אשר,593
17,משה גפני,387
17,דוד ביטן,373
17,אופיר כץ,345
17,ישראל אייכלר,271
17,אליהו רביבו,270
17,ארז מלול,257
17,עודד פורר,255
17,גלעד קריב,223
17,קארין אלהרר,202
17,מיכאל מרדכי ביטון,181
17,יוסף טייב,171
17,ינון אזולאי,167
17,יצחק פינדרוס,152
17,ולדימיר בליאק,151
17,נאור שירי,141
17,עמית הלוי,140
17,מיקי לוי,135
17,מירב כהן,135
17,צביקה פוגל,129
17,נעמה לזימי,110
17,טלי גוטליב,105
17,יוראי להב הרצנו,102
17,יסמין פרידמן,102
17,סימון דוידסון,89
17,פנינה תמנו,81
17,אוריאל בוסו,80
17,לימור סון הר מלך,71
17,אורית פרקש הכהן,66
17,זאב אלקין,65
17,יונתן מישרקי,63
17,צבי ידידיה סוכות,54
17,משה סעדה,51
17,דבי ביטון,50
17,רון כץ,49
17,שלום דנינו,49
17,יואב סגלוביץ',46
17,יולי יואל אדלשטיין,46
17,מיכל מרים וולדיגר,46
17,בועז טופורובסקי,45
17,טטיאנה מזרסקי,41
17,מטי צרפתי הרכבי,40
17,אלי דלל,39
17,חמד עמאר,39
17,מירב בן ארי,36
17,ניסים ואטורי,35
17,קטי קטרין שטרית,35
17,אוהד טל,34
17,אימאן ח'טיב יאסין,34
17,אלון שוסטר,33
17,אפרת רייטן מרום,33
17,ואליד אלהואשלה,30
17,חנוך דב מלביצקי,30
17,יאסר חוג'יראת,29
17,משה טור פז,29
17,יצחק קרויזר,28
17,עאידה תומא סלימאן,28
17,יוליה מלינובסקי,25
17,משה פסל,25
17,מיכל שיר סגמן,22
17,אליהו ברוכי,21
17,שרן מרים השכל,21
17,אחמד טיבי,20
17,אלעזר שטרן,18
17,דן אילוז,18
17,חוה אתי עטייה,18
17,יוסף עטאונה,18
17,עופר כסיף,17
17,מתן כהנא,16
17,ווליד טאהא,14
17,יואב קיש,14
17,משה סולומון,14
17,סימון מושיאשוילי,14
17,יבגני סובה,13
17,אריאל קלנר,12
17,בועז ביסמוט,11
17,מאיר כהן,10
17,שלי טל מירון,10
17,אביחי אברהם בוארון,9
17,צגה מלקו,9
17,אברהם בצלאל,8
17,ירון לוי,7
17,משה רוט,7
17,שרון ניר,7
17,יפעת שאשא ביטון,5
17,מנסור עבאס,5
17,שלמה קרעי,5
17,רם בן ברק,4
17,חילי טרופר,3
17,אלמוג כהן,2
17,ששון ששי גואטה,2
17,איימן עודה,1
17,איתן גינזבורג,1
17,אמיר אוחנה,1
17,חיים ביטון,1
17,יאיר לפיד,1
17,מרב מיכאלי,1
17,עידן רול,1
18,speaker_key,3138
18,שמחה רוטמן,1004
18,דוד ביטן,812
18,יעקב אשר,519
18,משה גפני,501
18,אליהו רביבו,298
18,נאור שירי,298
18,גלעד קריב,287
18,צביקה פוגל,287
18,ינון אזולאי,281
18,ישראל אייכלר,276
18,יוסף טייב,261
18,ולדימיר בליאק,247
18,יונתן מישרקי,237
18,עודד פורר,230
18,מיכאל מרדכי ביטון,213
18,יצחק פינדרוס,204
18,פנינה תמנו,196
18,אופיר כץ,193
18,נעמה לזימי,187
18,מיקי לוי,175
18,טלי גוטליב,168
18,קארין אלהרר,142
18,זאב אלקין,133
18,משה סעדה,133
18,יוראי להב הרצנו,125
18,שלום דנינו,122
18,מטי צרפתי הרכבי,111
18,אלי דלל,110
18,עמית הלוי,110
18,חמד עמאר,105
18,מירב בן ארי,105
18,לימור סון הר מלך,103
18,יולי יואל אדלשטיין,101
18,אפרת רייטן מרום,98
18,סימון דוידסון,94
18,משה טור פז,93
18,יסמין פרידמן,90
18,חוה אתי עטייה,88
18,אורית פרקש הכהן,87
18,ארז מלול,80
18,מיכל מרים וולדיגר,78
18,דבי ביטון,73
18,חנוך דב מלביצקי,69
18,יואב סגלוביץ',68
18,שרון ניר,68
18,מירב כהן,66
18,אוהד טל,58
18,יבגני סובה,58
18,ניסים ואטורי,58
18,צבי ידידיה סוכות,58
18,אברהם בצלאל,56
18,אלעזר שטרן,56
18,טטיאנה מזרסקי,56
18,עאידה תומא סלימאן,54
18,מאיר כהן,50
18,רון כץ,49
18,אחמד טיבי,47
18,אלון שוסטר,47
18,יוליה מלינובסקי,47
18,משה פסל,46
18,אליהו ברוכי,44
18,קטי קטרין שטרית,41
18,יצחק קרויזר,40
18,אוריאל בוסו,39
18,ירון לוי,39
18,בועז טופורובסקי,37
18,אריאל קלנר,36
18,אלמוג כהן,34
18,ששון ששי גואטה,34
18,עופר כסיף,32
18,שלי טל מירון,32
18,איימן עודה,29
18,אימאן ח'טיב יאסין,28
18,יוסף עטאונה,27
18,משה סולומון,27
18,צגה מלקו,26
18,שרן מרים השכל,26
18,אביחי אברהם בוארון,23
18,יואב קיש,20
18,מיכל שיר סגמן,20
18,משה ארבל,20
18,בועז ביסמוט,18
18,מתן כהנא,18
18,דן אילוז,17
18,רם בן ברק,17
18,שלמה קרעי,14
18,איתמר בן גביר,13
18,גלית דיסטל אטבריאן,13
18,יאסר חוג'יראת,13
18,משה רוט,12
18,אביגדור ליברמן,11
18,ואליד אלהואשלה,11
18,עמיחי אליהו,11
18,אורנה ברביבאי,9
18,ווליד טאהא,9
18,עידן רול,9
18,מרב מיכאלי,8
18,מנסור עבאס,7
18,סימון מושיאשוילי,7
18,גדעון סער,6
18,עמיחי שיקלי,6
18,יפעת שאשא ביטון,5
18,יריב לוין,3
18,מישל בוסקילה,3
18,חילי טרופר,2
18,מאיר פרוש,2
18,אבי דיכטר,1
18,אבי מעוז,1
18,אורי מקלב,1
18,אושר שקלים,1
18,גדי איזנקוט,1
18,דוד אמסלם,1
18,חיים ביטון,1
18,משה אבוטבול,1
18,ניר ברקת,1
19,speaker_key,6670
19,שמחה רוטמן,2319
19,דוד ביטן,1749
19,יעקב אשר,1114
19,משה גפני,925
19,נאור שירי,821
19,יונתן מישרקי,608
19,יוסף טייב,605
19,אופיר כץ,594
19,גלעד קריב,569
19,צביקה פוגל,553
19,ינון אזולאי,540
19,אליהו רביבו,469
19,ישראל אייכלר,447
19,ולדימיר בליאק,432
19,נעמה לזימי,417
19,טלי גוטליב,414
19,מיכאל מרדכי ביטון,406
19,פנינה תמנו,393
19,יצחק פינדרוס,375
19,עודד פורר,350
19,מיקי לוי,284
19,זאב אלקין,278
19,שלמה קרעי,264
19,יוראי להב הרצנו,250
19,עמית הלוי,237
19,מירב בן ארי,232
19,סימון דוידסון,217
19,משה סעדה,216
19,איתמר בן גביר,212
19,לימור סון הר מלך,199
19,שלום דנינו,198
19,מטי צרפתי הרכבי,193
19,אלעזר שטרן,191
19,קארין אלהרר,179
19,אלי דלל,176
19,אורית פרקש הכהן,175
19,אוריאל בוסו,171
19,מירב כהן,171
19,אפרת רייטן מרום,157
19,חנוך דב מלביצקי,145
19,עאידה תומא סלימאן,133
19,ארז מלול,126
19,אלון שוסטר,110
19,רון כץ,110
19,אוהד טל,109
19,יסמין פרידמן,108
19,יוליה מלינובסקי,107
19,יואב סגלוביץ',106
19,מיכל מרים וולדיגר,102
19,חמד עמאר,98
19,יולי יואל אדלשטיין,98
19,עופר כסיף,97
19,אברהם בצלאל,96
19,דבי ביטון,92
19,משה טור פז,88
19,קטי קטרין שטרית,81
19,שלי טל מירון,77
19,ששון ששי גואטה,76
19,בועז טופורובסקי,75
19,מאיר כהן,75
19,שרון ניר,74
19,אחמד טיבי,71
19,משה ארבל,71
19,יואב קיש,65
19,צבי ידידיה סוכות,63
19,משה פסל,62
19,חוה אתי עטייה,58
19,איימן עודה,57
19,אימאן ח'טיב יאסין,56
19,אליהו ברוכי,56
19,יוסף עטאונה,56
19,צגה מלקו,55
19,אלמוג כהן,52
19,בועז ביסמוט,52
19,משה סולומון,49
19,שרן מרים השכל,49
19,ירון לוי,48
19,ניסים ואטורי,46
19,יצחק קרויזר,45
19,טטיאנה מזרסקי,44
19,יאסר חוג'יראת,43
19,מיכל שיר סגמן,43
19,אביחי אברהם בוארון,40
19,אורנה ברביבאי,40
19,יבגני סובה,40
19,רם בן ברק,36
19,אריאל קלנר,35
19,מתן כהנא,35
19,יפעת שאשא ביטון,34
19,דן אילוז,27
19,עמיחי אליהו,27
19,סימון מושיאשוילי,23
19,אביגדור ליברמן,21
19,מרב מיכאלי,16
19,ואליד אלהואשלה,14
19,גלית דיסטל אטבריאן,13
19,חילי טרופר,11
19,ווליד טאהא,10
19,גדי איזנקוט,8
19,מנסור עבאס,7
19,עפיף עבד,7
19,גדעון סער,6
19,משה רוט,6
19,בנימין גנץ,5
19,עידן רול,5
19,מאיר פרוש,4
19,מיכאל מלכיאלי,4
19,איתן גינזבורג,2
19,אריה מכלוף דרעי,2
19,חיים ביטון,2
19,מישל בוסקילה,1
20,speaker_key,3212
20,יעקב אשר,838
20,שמחה רוטמן,807
20,דוד ביטן,564
20,משה גפני,398
20,צביקה פוגל,317
20,גלעד קריב,316
20,עודד פורר,277
20,יצחק פינדרוס,261
20,ינון אזולאי,231
20,ישראל אייכלר,221
20,טלי גוטליב,209
20,נעמה לזימי,201
20,מיקי לוי,199
20,יונתן מישרקי,188
20,יוסף טייב,173
20,מיכאל מרדכי ביטון,172
20,נאור שירי,171
20,רון כץ,164
20,פנינה תמנו,162
20,קארין אלהרר,150
20,משה סעדה,147
20,ולדימיר בליאק,142
20,אליהו רביבו,139
20,אוריאל בוסו,127
20,עמית הלוי,116
20,חנוך דב מלביצקי,114
20,לימור סון הר מלך,111
20,יצחק קרויזר,107
20,סימון דוידסון,105
20,מירב כהן,102
20,יוראי להב הרצנו,98
20,שלום דנינו,98
20,זאב אלקין,94
20,מירב בן ארי,92
20,מיכל מרים וולדיגר,89
20,אורית פרקש הכהן,88
20,חמד עמאר,87
20,יסמין פרידמן,85
20,אפרת רייטן מרום,81
20,אופיר כץ,77
20,ארז מלול,73
20,דבי ביטון,68
20,יואב סגלוביץ',68
20,יולי יואל אדלשטיין,61
20,אריאל קלנר,60
20,יאסר חוג'יראת,60
20,טטיאנה מזרסקי,59
20,אלי דלל,57
20,משה פסל,50
20,יוליה מלינובסקי,48
20,צבי ידידיה סוכות,48
20,אברהם בצלאל,47
20,אימאן ח'טיב יאסין,47
20,עאידה תומא סלימאן,47
20,אביחי אברהם בוארון,43
20,אלעזר שטרן,40
20,משה סולומון,40
20,אחמד טיבי,39
20,משה טור פז,37
20,בועז טופורובסקי,36
20,אוהד טל,35
20,אלמוג כהן,34
20,קטי קטרין שטרית,34
20,מאיר כהן,31
20,עופר כסיף,31
20,מטי צרפתי הרכבי,30
20,שרן מרים השכל,30
20,איימן עודה,28
20,דן אילוז,28
20,שרון ניר,28
20,אלון שוסטר,27
20,חוה אתי עטייה,27
20,ניסים ואטורי,27
20,בועז ביסמוט,22
20,רם בן ברק,22
20,אליהו ברוכי,20
20,יבגני סובה,18
20,מיכל שיר סגמן,16
20,ירון לוי,13
20,סימון מושיאשוילי,13
20,משה רוט,12
20,ואליד אלהואשלה,11
20,יוסף עטאונה,11
20,מישל בוסקילה,11
20,צגה מלקו,10
20,מתן כהנא,9
20,אורנה ברביבאי,8
20,ווליד טאהא,8
20,שלי טל מירון,8
20,שלמה קרעי,8
20,ששון ששי גואטה,7
20,גלית דיסטל אטבריאן,6
20,יפעת שאשא ביטון,5
20,אבי מעוז,4
20,גדעון סער,3
20,חילי טרופר,2
20,עידן רול,2
20,אמיר אוחנה,1
20,יעל רון בן משה,1
20,משה ארבל,1
20,עמיחי שיקלי,1
20,עפיף עבד,1
21,speaker_key,1602
21,שמחה רוטמן,696
21,נאור שירי,565
21,משה גפני,514
21,דוד ביטן,387
21,גלעד קריב,363
21,אופיר כץ,244
21,קארין אלהרר,206
21,מיקי לוי,157
21,פנינה תמנו,154
21,יואב סגלוביץ',121
21,יונתן מישרקי,112
21,ולדימיר בליאק,110
21,יעקב אשר,107
21,אוריאל בוסו,105
21,ארז מלול,100
21,משה סעדה,97
21,יוסף טייב,88
21,אליהו רביבו,84
21,זאב אלקין,78
21,אוהד טל,70
21,טלי גוטליב,69
21,ינון אזולאי,68
21,יוראי להב הרצנו,66
21,ישראל אייכלר,63
21,מיכאל מרדכי ביטון,61
21,מירב בן ארי,60
21,מיכל שיר סגמן,56
21,לימור סון הר מלך,54
21,יצחק פינדרוס,53
21,אפרת רייטן מרום,52
21,חוה אתי עטייה,52
21,מטי צרפתי הרכבי,52
21,אורית פרקש הכהן,51
21,סימון דוידסון,51
21,נעמה לזימי,49
21,עודד פורר,42
21,שלום דנינו,41
21,מירב כהן,39
21,צבי ידידיה סוכות,39
21,אלי דלל,36
21,יוליה מלינובסקי,36
21,שרון ניר,36
21,משה טור פז,35
21,מיכל מרים וולדיגר,33
21,עופר כסיף,31
21,צביקה פוגל,31
21,אלון שוסטר,29
21,חמד עמאר,27
21,יולי יואל אדלשטיין,27
21,יסמין פרידמן,25
21,משה פסל,25
21,אחמד טיבי,24
21,אריאל קלנר,24
21,יוסף עטאונה,23
21,מאיר כהן,22
21,מתן כהנא,21
21,דבי ביטון,20
21,משה ארבל,19
21,רון כץ,19
21,עאידה תומא סלימאן,18
21,אלעזר שטרן,17
21,עמית הלוי,17
21,אברהם בצלאל,16
21,יבגני סובה,14
21,שלמה קרעי,13
21,איימן עודה,12
21,יצחק קרויזר,12
21,דן אילוז,11
21,שלי טל מירון,11
21,משה סולומון,9
21,ניסים ואטורי,9
21,אימאן ח'טיב יאסין,8
21,חנוך דב מלביצקי,8
21,ואליד אלהואשלה,7
21,שרן מרים השכל,7
21,אלמוג כהן,6
21,ווליד טאהא,6
21,גדי איזנקוט,4
21,טטיאנה מזרסקי,4
21,קטי קטרין שטרית,4
21,אביחי אברהם בוארון,3
21,אליהו ברוכי,3
21,בועז ביסמוט,3
21,דוד אמסלם,3
21,רם בן ברק,3
21,אורנה ברביבאי,2
21,גדעון סער,2
21,ירון לוי,2
21,מרב מיכאלי,2
21,ששון ששי גואטה,2
21,בועז טופורובסקי,1
21,גלית דיסטל אטבריאן,1
21,חילי טרופר,1
21,יואב קיש,1
21,יפעת שאשא ביטון,1
21,משה רוט,1
21,סימון מושיאשוילי,1
21,צגה מלקו,1
22,speaker_key,3064
22,דוד ביטן,765
22,שמחה רוטמן,406
22,יעקב אשר,391
22,יוסף טייב,303
22,ינון אזולאי,287
22,גלעד קריב,275
22,משה גפני,255
22,יוראי להב הרצנו,253
22,נאור שירי,225
22,יונתן מישרקי,217
22,צביקה פוגל,167
22,אליהו רביבו,148
22,אליהו ברוכי,142
22,ולדימיר בליאק,142
22,לימור סון הר מלך,139
22,מיכאל מרדכי ביטון,126
22,ישראל אייכלר,125
22,נעמה לזימי,121
22,מטי צרפתי הרכבי,118
22,עודד פורר,115
22,זאב אלקין,108
22,עמית הלוי,105
22,יסמין פרידמן,99
22,יצחק פינדרוס,99
22,אלון שוסטר,98
22,אופיר כץ,93
22,שלום דנינו,85
22,ארז מלול,82
22,קטי קטרין שטרית,82
22,טלי גוטליב,75
22,אורנה ברביבאי,74
22,אלעזר שטרן,71
22,פנינה תמנו,70
22,רם בן ברק,64
22,מירב בן ארי,63
22,אוריאל בוסו,60
22,קארין אלהרר,58
22,משה סולומון,56
22,אפרת רייטן מרום,51
22,רון כץ,50
22,יבגני סובה,49
22,משה טור פז,48
22,איימן עודה,46
22,מאיר כהן,44
22,יואב סגלוביץ',43
22,שלי טל מירון,41
22,יוליה מלינובסקי,38
22,עאידה תומא סלימאן,36
22,חוה אתי עטייה,35
22,שרון ניר,35
22,מרב מיכאלי,33
22,משה סעדה,33
22,חמד עמאר,32
22,יאסר חוג'יראת,32
22,טטיאנה מזרסקי,30
22,אימאן ח'טיב יאסין,26
22,יואב בן צור,25
22,אריאל קלנר,24
22,אחמד טיבי,23
22,ווליד טאהא,23
22,יוסף עטאונה,23
22,מיכל מרים וולדיגר,23
22,מירב כהן,23
22,אביחי אברהם בוארון,22
22,אוהד טל,22
22,יולי יואל אדלשטיין,21
22,אלי דלל,20
22,צבי ידידיה סוכות,18
22,אורית פרקש הכהן,17
22,דבי ביטון,15
22,ירון לוי,14
22,סימון דוידסון,14
22,מתן כהנא,13
22,שרן מרים השכל,12
22,בועז טופורובסקי,9
22,סימון מושיאשוילי,9
22,מיקי לוי,8
22,יפעת שאשא ביטון,6
22,ששון ששי גואטה,6
22,דן אילוז,5
22,משה פסל,5
22,עופר כסיף,5
22,עידן רול,5
22,יצחק קרויזר,4
22,צגה מלקו,4
22,אברהם בצלאל,3
22,בועז ביסמוט,3
22,חנוך דב מלביצקי,3
22,מיכל שיר סגמן,3
22,אלמוג כהן,2
22,גילה גמליאל,2
22,גלית דיסטל אטבריאן,2
22,ואליד אלהואשלה,2
22,אביגדור ליברמן,1
22,דוד אמסלם,1
22,חילי טרופר,1
22,יואב קיש,1
22,יעקב מרגי,1
22,משה ארבל,1
22,ניסים ואטורי,1
22,סמיר בן סעיד,1
22,שלמה קרעי,1
23,speaker_key,4459
23,שמחה רוטמן,1469
23,דוד ביטן,1030
23,יצחק פינדרוס,532
23,זאב אלקין,467
23,ישראל אייכלר,424
23,מיכאל מרדכי ביטון,417
23,יוסף טייב,365
23,יעקב אשר,332
23,אליהו רביבו,305
23,נאור שירי,261
23,סימון דוידסון,247
23,ולדימיר בליאק,236
23,אורית פרקש הכהן,233
23,מירב בן ארי,230
23,נעמה לזימי,229
23,גלעד קריב,213
23,אופיר כץ,205
23,משה גפני,190
23,עודד פורר,187
23,יולי יואל אדלשטיין,172
23,שלום דנינו,171
23,יונתן מישרקי,168
23,פנינה תמנו,165
23,ינון אזולאי,132
23,אלי דלל,130
23,יוראי להב הרצנו,129
23,צביקה פוגל,125
23,בועז ביסמוט,108
23,משה סעדה,103
23,עמית הלוי,98
23,רון כץ,95
23,טלי גוטליב,93
23,אחמד טיבי,87
23,מיקי לוי,86
23,יצחק קרויזר,84
23,דבי ביטון,76
23,קארין אלהרר,74
23,רם בן ברק,73
23,מאיר כהן,70
23,מיכל מרים וולדיגר,62
23,אלעזר שטרן,60
23,יואב סגלוביץ',58
23,לימור סון הר מלך,58
23,בועז טופורובסקי,57
23,מטי צרפתי הרכבי,55
23,משה טור פז,54
23,אריאל קלנר,53
23,אלון שוסטר,42
23,עופר כסיף,42
23,ארז מלול,35
23,חנוך דב מלביצקי,34
23,חוה אתי עטייה,33
23,חמד עמאר,30
23,ניסים ואטורי,30
23,שרון ניר,30
23,יסמין פרידמן,28
23,ששון ששי גואטה,27
23,אלמוג כהן,25
23,איימן עודה,24
23,אוהד טל,23
23,יבגני סובה,23
23,משה סולומון,23
23,יוסף עטאונה,22
23,מתן כהנא,19
23,סימון מושיאשוילי,19
23,יריב לוין,18
23,עמיחי שיקלי,16
23,צגה מלקו,16
23,שלי טל מירון,16
23,צבי ידידיה סוכות,15
23,שרן מרים השכל,14
23,אפרת רייטן מרום,13
23,מיכל שיר סגמן,13
23,עאידה תומא סלימאן,13
23,טטיאנה מזרסקי,12
23,אברהם בצלאל,11
23,אימאן ח'טיב יאסין,11
23,ירון לוי,11
23,יוליה מלינובסקי,10
23,מירב כהן,10
23,קטי קטרין שטרית,9
23,אביחי אברהם בוארון,8
23,משה אבוטבול,8
23,עידן רול,8
23,שלמה קרעי,7
23,יאסר חוג'יראת,6
23,משה פסל,6
23,אוריאל בוסו,5
23,אליהו ברוכי,5
23,משה רוט,5
23,דן אילוז,3
23,אביגדור ליברמן,2
23,ואליד אלהואשלה,2
23,חילי טרופר,2
23,יואב קיש,2
23,אורנה ברביבאי,1
23,גדעון סער,1
23,ווליד טאהא,1
23,מרב מיכאלי,1
23,משה ארבל,1
23,עמיחי אליהו,1
24,speaker_key,4529
24,דוד ביטן,921
24,אליהו רביבו,726
24,משה גפני,697
24,ישראל אייכלר,517
24,שמחה רוטמן,476
24,מיכאל מרדכי ביטון,403
24,יונתן מישרקי,353
24,פנינה תמנו,258
24,צביקה פוגל,253
24,אלי דלל,237
24,מיקי לוי,223
24,יצחק פינדרוס,219
24,נאור שירי,214
24,גלעד קריב,206
24,ינון אזולאי,197
24,יוסף טייב,193
24,יעקב אשר,190
24,ולדימיר בליאק,174
24,יולי יואל אדלשטיין,164
24,טלי גוטליב,153
24,קארין אלהרר,146
24,מירב בן ארי,141
24,משה סעדה,113
24,דבי ביטון,111
24,נעמה לזימי,105
24,חמד עמאר,102
24,שלום דנינו,96
24,אלעזר שטרן,92
24,מיכל מרים וולדיגר,86
24,אפרת רייטן מרום,81
24,שרון ניר,80
24,יצחק קרויזר,74
24,סימון דוידסון,74
24,לימור סון הר מלך,63
24,אוהד טל,62
24,זאב אלקין,59
24,מירב כהן,59
24,משה סולומון,59
24,יבגני סובה,57
24,יוראי להב הרצנו,57
24,ירון לוי,57
24,מאיר כהן,56
24,עודד פורר,56
24,טטיאנה מזרסקי,55
24,אלמוג כהן,50
24,קטי קטרין שטרית,50
24,אוריאל בוסו,46
24,אליהו ברוכי,43
24,מטי צרפתי הרכבי,39
24,אורית פרקש הכהן,37
24,עמית הלוי,33
24,משה פסל,32
24,אלון שוסטר,30
24,אופיר כץ,28
24,יוליה מלינובסקי,28
24,ששון ששי גואטה,27
24,אימאן ח'טיב יאסין,24
24,חנוך דב מלביצקי,24
24,רם בן ברק,23
24,יוסף עטאונה,22
24,צבי ידידיה סוכות,22
24,משה רוט,21
24,עאידה תומא סלימאן,21
24,מתן כהנא,20
24,אחמד טיבי,18
24,ניסים ואטורי,18
24,דן אילוז,16
24,יואב סגלוביץ',16
24,יעל רון בן משה,16
24,יסמין פרידמן,14
24,ארז מלול,12
24,משה טור פז,12
24,אריאל קלנר,11
24,יאסר חוג'יראת,11
24,בועז טופורובסקי,10
24,מרב מיכאלי,8
24,רון כץ,8
24,אברהם בצלאל,6
24,מיכל שיר סגמן,6
24,איימן עודה,5
24,צגה מלקו,5
24,ואליד אלהואשלה,4
24,יואב קיש,4
24,סימון מושיאשוילי,4
24,עופר כסיף,4
24,אביגדור ליברמן,3
24,אביחי אברהם בוארון,3
24,גדי איזנקוט,3
24,מנסור עבאס,3
24,שלי טל מירון,3
24,גלית דיסטל אטבריאן,2
24,חוה אתי עטייה,2
24,שלמה קרעי,2
24,שרן מרים השכל,2
24,בועז ביסמוט,1
24,חילי טרופר,1
24,יריב לוין,1
24,מאיר פרוש,1
24,עידן רול,1
24,עמיחי אליהו,1
25,speaker_key,3025
25,שמחה רוטמן,1236
25,דוד ביטן,848
25,יעקב אשר,514
25,משה גפני,458
25,גלעד קריב,348
25,ישראל אייכלר,345
25,פנינה תמנו,340
25,יוסף טייב,316
25,ינון אזולאי,316
25,יונתן מישרקי,287
25,עודד פורר,229
25,אליהו רביבו,228
25,צביקה פוגל,210
25,יצחק פינדרוס,209
25,מיכאל מרדכי ביטון,209
25,משה סעדה,205
25,ולדימיר בליאק,202
25,אופיר כץ,193
25,נאור שירי,193
25,מירב כהן,189
25,מיקי לוי,179
25,טלי גוטליב,149
25,שלום דנינו,146
25,יוראי להב הרצנו,144
25,אורית פרקש הכהן,143
25,קארין אלהרר,143
25,נעמה לזימי,142
25,לימור סון הר מלך,140
25,שלמה קרעי,139
25,מירב בן ארי,136
25,עמית הלוי,134
25,אפרת רייטן מרום,132
25,אלי דלל,122
25,זאב אלקין,122
25,צבי ידידיה סוכות,121
25,מיכל מרים וולדיגר,102
25,יבגני סובה,99
25,יואב סגלוביץ',98
25,מטי צרפתי הרכבי,98
25,דבי ביטון,83
25,סימון דוידסון,82
25,אוריאל בוסו,79
25,חמד עמאר,77
25,חנוך דב מלביצקי,73
25,רון כץ,72
25,יסמין פרידמן,70
25,משה סולומון,67
25,אלעזר שטרן,66
25,יואב קיש,65
25,יולי יואל אדלשטיין,62
25,מאיר כהן,62
25,יוליה מלינובסקי,61
25,ארז מלול,58
25,אריאל קלנר,56
25,אחמד טיבי,55
25,עאידה תומא סלימאן,52
25,יפעת שאשא ביטון,50
25,משה טור פז,50
25,אברהם בצלאל,48
25,אוהד טל,48
25,חוה אתי עטייה,45
25,יצחק קרויזר,45
25,ניסים ואטורי,45
25,יאסר חוג'יראת,42
25,קטי קטרין שטרית,41
25,אלון שוסטר,40
25,אורנה ברביבאי,38
25,דן אילוז,31
25,שרון ניר,30
25,שרן מרים השכל,30
25,יוסף עטאונה,29
25,אימאן ח'טיב יאסין,28
25,בועז ביסמוט,27
25,עופר כסיף,26
25,אביחי אברהם בוארון,25
25,ואליד אלהואשלה,25
25,משה פסל,25
25,טטיאנה מזרסקי,23
25,עידן רול,23
25,צגה מלקו,23
25,מיכל שיר סגמן,22
25,בועז טופורובסקי,21
25,מתן כהנא,21
25,רם בן ברק,21
25,שלי טל מירון,21
25,איתן גינזבורג,20
25,ווליד טאהא,19
25,אליהו ברוכי,17
25,ששון ששי גואטה,17
25,אלמוג כהן,16
25,חילי טרופר,16
25,ירון לוי,14
25,משה ארבל,13
25,איימן עודה,9
25,איתמר בן גביר,7
25,מאיר פרוש,6
25,סימון מושיאשוילי,6
25,מרב מיכאלי,5
25,גדי איזנקוט,4
25,גלית דיסטל אטבריאן,4
25,משה רוט,4
25,מנסור עבאס,3
25,עמיחי אליהו,3
25,אביגדור ליברמן,2
25,יעקב מרגי,2
25,יצחק שמעון וסרלאוף,2
25,גדעון סער,1
25,דוד אמסלם,1
25,חיים ביטון,1
25,מישל בוסקילה,1
25,משה אבוטבול,1
26,speaker_key,3132
26,שמחה רוטמן,902
26,דוד ביטן,504
26,משה גפני,496
26,יצחק פינדרוס,471
26,יעקב אשר,382
26,ינון אזולאי,345
26,יונתן מישרקי,309
26,צביקה פוגל,299
26,גלעד קריב,283
26,נאור שירי,268
26,יוסף טייב,244
26,מיכאל מרדכי ביטון,228
26,פנינה תמנו,227
26,נעמה לזימי,217
26,ישראל אייכלר,209
26,טלי גוטליב,203
26,לימור סון הר מלך,171
26,אורית פרקש הכהן,169
26,אליהו רביבו,163
26,עמית הלוי,156
26,קארין אלהרר,153
26,עודד פורר,149
26,מיקי לוי,136
26,מירב כהן,136
26,ולדימיר בליאק,128
26,מיכל מרים וולדיגר,127
26,אופיר כץ,126
26,קטי קטרין שטרית,124
26,סימון דוידסון,119
26,יסמין פרידמן,105
26,צבי ידידיה סוכות,105
26,יואב סגלוביץ',102
26,שלום דנינו,101
26,יוראי להב הרצנו,84
26,אלעזר שטרן,83
26,אליהו ברוכי,79
26,בועז ביסמוט,78
26,זאב אלקין,75
26,משה סולומון,74
26,מטי צרפתי הרכבי,72
26,אלי דלל,70
26,משה סעדה,67
26,משה טור פז,62
26,יוליה מלינובסקי,58
26,משה רוט,58
26,חמד עמאר,56
26,אלון שוסטר,55
26,ירון לוי,52
26,שרון ניר,51
26,ארז מלול,50
26,טטיאנה מזרסקי,50
26,אוהד טל,49
26,אוריאל בוסו,49
26,יולי יואל אדלשטיין,49
26,שלי טל מירון,47
26,דבי ביטון,46
26,בועז טופורובסקי,45
26,מירב בן ארי,45
26,אחמד טיבי,43
26,רון כץ,42
26,חוה אתי עטייה,41
26,יצחק קרויזר,41
26,אביחי אברהם בוארון,39
26,אברהם בצלאל,39
26,יוסף עטאונה,37
26,איימן עודה,34
26,יאסר חוג'יראת,26
26,מאיר כהן,26
26,משה פסל,25
26,גלית דיסטל אטבריאן,24
26,ניסים ואטורי,23
26,ששון ששי גואטה,23
26,חנוך דב מלביצקי,20
26,אריאל קלנר,19
26,שרן מרים השכל,19
26,אימאן ח'טיב יאסין,18
26,ווליד טאהא,18
26,יעקב מרגי,18
26,אלמוג כהן,17
26,אפרת רייטן מרום,17
26,ואליד אלהואשלה,17
26,עאידה תומא סלימאן,17
26,מיכל שיר סגמן,13
26,עופר כסיף,12
26,דן אילוז,10
26,עידית סילמן,9
26,צגה מלקו,9
26,אלי כהן,8
26,חילי טרופר,8
26,מרב מיכאלי,7
26,יואב קיש,6
26,סימון מושיאשוילי,5
26,דוד אמסלם,3
26,מתן כהנא,3
26,אביגדור ליברמן,2
26,איתמר בן גביר,2
26,בנימין גנץ,2
26,בנימין נתניהו,2
26,חיים ביטון,2
26,יבגני סובה,2
26,משה ארבל,2
26,רם בן ברק,2
26,אורנה ברביבאי,1
27,speaker_key,2733
27,שמחה רוטמן,753
27,דוד ביטן,669
27,יעקב אשר,515
27,משה גפני,365
27,גלעד קריב,300
27,ינון אזולאי,262
27,נאור שירי,250
27,ישראל אייכלר,232
27,אליהו רביבו,200
27,צביקה פוגל,198
27,יוסף טייב,190
27,יונתן מישרקי,175
27,פנינה תמנו,166
27,נעמה לזימי,160
27,מיכאל מרדכי ביטון,159
27,אופיר כץ,158
27,ולדימיר בליאק,152
27,יצחק פינדרוס,151
27,עודד פורר,140
27,מיקי לוי,134
27,קארין אלהרר,110
27,עמית הלוי,103
27,לימור סון הר מלך,98
27,זאב אלקין,94
27,יוראי להב הרצנו,93
27,מירב בן ארי,92
27,טלי גוטליב,87
27,יסמין פרידמן,86
27,שלום דנינו,86
27,אורית פרקש הכהן,84
27,אפרת רייטן מרום,82
27,אלי דלל,81
27,צבי ידידיה סוכות,80
27,מיכל מרים וולדיגר,76
27,מירב כהן,72
27,משה סעדה,71
27,חנוך דב מלביצקי,70
27,יולי יואל אדלשטיין,67
27,מטי צרפתי הרכבי,64
27,סימון דוידסון,63
27,אוריאל בוסו,61
27,רון כץ,56
27,אברהם בצלאל,54
27,ניסים ואטורי,51
27,משה טור פז,50
27,דבי ביטון,49
27,ארז מלול,48
27,חמד עמאר,47
27,אלון שוסטר,46
27,אלעזר שטרן,46
27,יואב סגלוביץ',46
27,עאידה תומא סלימאן,45
27,קטי קטרין שטרית,42
27,שרון ניר,41
27,חוה אתי עטייה,40
27,יוליה מלינובסקי,40
27,משה פסל,35
27,יצחק קרויזר,33
27,יבגני סובה,32
27,שלמה קרעי,31
27,בועז ביסמוט,30
27,אביחי אברהם בוארון,29
27,אחמד טיבי,29
27,טטיאנה מזרסקי,29
27,עופר כסיף,29
27,מאיר כהן,28
27,שלי טל מירון,28
27,אריאל קלנר,27
27,יאסר חוג'יראת,27
27,אימאן ח'טיב יאסין,26
27,בועז טופורובסקי,25
27,אלמוג כהן,21
27,משה סולומון,21
27,צגה מלקו,21
27,רם בן ברק,21
27,אוהד טל,20
27,איימן עודה,20
27,מיכל שיר סגמן,20
27,שרן מרים השכל,20
27,אליהו ברוכי,19
27,יוסף עטאונה,19
27,דן אילוז,18
27,ווליד טאהא,18
27,ששון ששי גואטה,18
27,אורנה ברביבאי,17
27,יואב קיש,17
27,ירון לוי,12
27,משה רוט,10
27,גלית דיסטל אטבריאן,9
27,עידן רול,9
27,ואליד אלהואשלה,8
27,יפעת שאשא ביטון,7
27,אביגדור ליברמן,6
27,משה ארבל,6
27,סימון מושיאשוילי,6
27,עמיחי אליהו,6
27,חילי טרופר,4
27,מנסור עבאס,4
27,מרב מיכאלי,4
27,מתן כהנא,4
27,חיים ביטון,3
27,דוד אמסלם,2
27,מישל בוסקילה,2
27,איתמר בן גביר,1
27,איתן גינזבורג,1
27,גדעון סער,1
27,יעקב מרגי,1
27,משה אבוטבול,1
27,עידית סילמן,1
28,speaker_key,2987
28,שמחה רוטמן,743
28,דוד ביטן,597
28,יעקב אשר,592
28,משה גפני,340
28,נאור שירי,288
28,ינון אזולאי,287
28,גלעד קריב,258
28,אופיר כץ,222
28,ולדימיר בליאק,217
28,צביקה פוגל,207
28,מיקי לוי,200
28,פנינה תמנו,191
28,ישראל אייכלר,173
28,יוסף טייב,154
28,עודד פורר,154
28,מירב בן ארי,153
28,נעמה לזימי,152
28,יונתן מישרקי,148
28,יצחק פינדרוס,139
28,ארז מלול,133
28,מיכאל מרדכי ביטון,127
28,קארין אלהרר,127
28,סימון דוידסון,123
28,אליהו רביבו,120
28,עמית הלוי,117
28,טלי גוטליב,114
28,יסמין פרידמן,99
28,יוראי להב הרצנו,97
28,מטי צרפתי הרכבי,91
28,אלי דלל,89
28,זאב אלקין,81
28,אפרת רייטן מרום,80
28,לימור סון הר מלך,78
28,אורית פרקש הכהן,73
28,משה סעדה,70
28,מירב כהן,69
28,משה טור פז,67
28,חנוך דב מלביצקי,60
28,יואב סגלוביץ',60
28,מיכל מרים וולדיגר,58
28,ניסים ואטורי,55
28,קטי קטרין שטרית,55
28,אוריאל בוסו,54
28,רון כץ,54
28,חמד עמאר,53
28,צבי ידידיה סוכות,53
28,אחמד טיבי,52
28,יוליה מלינובסקי,52
28,דבי ביטון,46
28,עאידה תומא סלימאן,46
28,שלום דנינו,46
28,אוהד טל,45
28,משה פסל,44
28,אלון שוסטר,43
28,בועז ביסמוט,42
28,רם בן ברק,40
28,יולי יואל אדלשטיין,39
28,אליהו ברוכי,38
28,אימאן ח'טיב יאסין,35
28,שרון ניר,34
28,ווליד טאהא,32
28,יאסר חוג'יראת,32
28,חוה אתי עטייה,30
28,אביחי אברהם בוארון,28
28,דן אילוז,28
28,צגה מלקו,28
28,יצחק קרויזר,27
28,אברהם בצלאל,26
28,שלמה קרעי,26
28,יוסף עטאונה,25
28,אלעזר שטרן,24
28,משה סולומון,23
28,אריאל קלנר,22
28,יבגני סובה,22
28,מאיר כהן,19
28,מתן כהנא,19
28,שלי טל מירון,19
28,שרן מרים השכל,19
28,משה ארבל,18
28,ירון לוי,17
28,סימון מושיאשוילי,17
28,עופר כסיף,17
28,טטיאנה מזרסקי,16
28,מיכל שיר סגמן,16
28,בועז טופורובסקי,15
28,עמיחי אליהו,15
28,ששון ששי גואטה,13
28,משה רוט,11
28,אורנה ברביבאי,10
28,אלמוג כהן,10
28,יואב קיש,10
28,חילי טרופר,9
28,איימן עודה,8
28,יפעת שאשא ביטון,6
28,גדעון סער,5
28,ואליד אלהואשלה,5
28,גלית דיסטל אטבריאן,4
28,דוד אמסלם,4
28,מנסור עבאס,3
28,מרב מיכאלי,2
28,עידן רול,2
28,אביגדור ליברמן,1
28,אריה מכלוף דרעי,1
28,בנימין גנץ,1
28,מאיר פרוש,1
28,מישל בוסקילה,1
28,ניר ברקת,1
28,עמיחי שיקלי,1
28,עפיף עבד,1
29,speaker_key,5063
29,שמחה רוטמן,2229
29,דוד ביטן,1269
29,יעקב אשר,1091
29,משה גפני,696
29,אליהו רביבו,683
29,יצחק פינדרוס,613
29,יונתן מישרקי,510
29,גלעד קריב,489
29,אופיר כץ,473
29,ינון אזולאי,453
29,נאור שירי,431
29,ישראל אייכלר,423
29,יוסף טייב,390
29,צביקה פוגל,383
29,מיכאל מרדכי ביטון,373
29,פנינה תמנו,346
29,זאב אלקין,308
29,נעמה לזימי,287
29,ולדימיר בליאק,283
29,עודד פורר,283
29,יוראי להב הרצנו,257
29,מיקי לוי,252
29,מירב בן ארי,244
29,טלי גוטליב,236
29,מטי צרפתי הרכבי,232
29,קארין אלהרר,230
29,אלי דלל,225
29,סימון דוידסון,209
29,ארז מלול,198
29,אוריאל בוסו,192
29,שלום דנינו,192
29,מירב כהן,175
29,רון כץ,165
29,אפרת רייטן מרום,164
29,עמית הלוי,163
29,לימור סון הר מלך,161
29,אוהד טל,160
29,יסמין פרידמן,156
29,בועז טופורובסקי,141
29,משה סעדה,135
29,יואב סגלוביץ',126
29,אורית פרקש הכהן,120
29,חמד עמאר,119
29,אלון שוסטר,118
29,חנוך דב מלביצקי,116
29,אברהם בצלאל,103
29,אלעזר שטרן,101
29,ניסים ואטורי,99
29,משה טור פז,95
29,חוה אתי עטייה,93
29,יוליה מלינובסקי,92
29,עאידה תומא סלימאן,91
29,מיכל מרים וולדיגר,89
29,איתמר בן גביר,88
29,שלי טל מירון,84
29,קטי קטרין שטרית,83
29,דבי ביטון,81
29,יבגני סובה,81
29,יולי יואל אדלשטיין,80
29,מאיר כהן,72
29,אחמד טיבי,71
29,עופר כסיף,71
29,משה סולומון,68
29,צבי ידידיה סוכות,64
29,יצחק קרויזר,56
29,טטיאנה מזרסקי,52
29,אימאן ח'טיב יאסין,51
29,יואב קיש,51
29,יוסף עטאונה,49
29,משה פסל,47
29,שרון ניר,47
29,אביחי אברהם בוארון,46
29,יפעת שאשא ביטון,46
29,שרן מרים השכל,46
29,בועז ביסמוט,45
29,אליהו ברוכי,44
29,איימן עודה,42
29,אלמוג כהן,40
29,יאסר חוג'יראת,40
29,צגה מלקו,40
29,מיכל שיר סגמן,38
29,ששון ששי גואטה,37
29,אריאל קלנר,36
29,משה ארבל,36
29,מתן כהנא,34
29,אורנה ברביבאי,33
29,שלמה קרעי,30
29,רם בן ברק,28
29,אביגדור ליברמן,26
29,ירון לוי,26
29,ווליד טאהא,25
29,גלית דיסטל אטבריאן,16
29,ואליד אלהואשלה,14
29,חילי טרופר,14
29,סימון מושיאשוילי,14
29,דן אילוז,13
29,מנסור עבאס,11
29,משה רוט,10
29,מרב מיכאלי,9
29,עידן רול,8
29,דוד אמסלם,6
29,עמיחי אליהו,6
29,גדי איזנקוט,4
29,גדעון סער,4
29,אריה מכלוף דרעי,3
29,מאיר פרוש,3
29,מישל בוסקילה,3
29,חיים ביטון,2
29,אבי מעוז,1
29,אופיר סופר,1
29,בנימין גנץ,1
29,יאיר לפיד,1
29,יצחק גולדקנופ,1
29,יריב לוין,1
29,מיכאל מלכיאלי,1
29,משה אבוטבול,1
29,סמיר בן סעיד,1
29,עפיף עבד,1
30,speaker_key,3658
30,דוד ביטן,1494
30,שמחה רוטמן,444
30,יעקב אשר,324
30,מיקי לוי,294
30,פנינה תמנו,281
30,יסמין פרידמן,246
30,צביקה פוגל,192
30,משה סעדה,176
30,מיכאל מרדכי ביטון,172
30,נאור שירי,170
30,זאב אלקין,168
30,משה גפני,166
30,יוסף טייב,165
30,ירון לוי,159
30,יואב סגלוביץ',156
30,יונתן מישרקי,148
30,יצחק פינדרוס,137
30,צבי ידידיה סוכות,136
30,גלעד קריב,134
30,טלי גוטליב,132
30,מירב בן ארי,132
30,עודד פורר,124
30,מטי צרפתי הרכבי,119
30,נעמה לזימי,107
30,אופיר כץ,105
30,אלעזר שטרן,91
30,עמית הלוי,83
30,יוראי להב הרצנו,82
30,ינון אזולאי,80
30,יצחק קרויזר,80
30,ישראל אייכלר,76
30,ולדימיר בליאק,75
30,משה טור פז,75
30,שלום דנינו,72
30,חנוך דב מלביצקי,67
30,אליהו ברוכי,65
30,אורית פרקש הכהן,62
30,דבי ביטון,61
30,מיכל מרים וולדיגר,60
30,אלון שוסטר,55
30,אליהו רביבו,55
30,מאיר כהן,51
30,חמד עמאר,48
30,לימור סון הר מלך,48
30,משה פסל,46
30,איימן עודה,44
30,אלי דלל,40
30,אחמד טיבי,39
30,עאידה תומא סלימאן,35
30,עופר כסיף,35
30,אלמוג כהן,32
30,קארין אלהרר,30
30,אביגדור ליברמן,29
30,סימון דוידסון,27
30,צגה מלקו,26
30,ששון ששי גואטה,26
30,משה סולומון,25
30,אוריאל בוסו,21
30,חוה אתי עטייה,20
30,אימאן ח'טיב יאסין,19
30,מירב כהן,19
30,ארז מלול,18
30,אפרת רייטן מרום,17
30,אברהם בצלאל,15
30,יולי יואל אדלשטיין,15
30,רון כץ,15
30,שרון ניר,14
30,שלי טל מירון,13
30,מרב מיכאלי,12
30,אריאל קלנר,11
30,אוהד טל,10
30,טטיאנה מזרסקי,10
30,משה ארבל,10
30,ניסים ואטורי,9
30,שלמה קרעי,9
30,יבגני סובה,8
30,יוסף עטאונה,8
30,קטי קטרין שטרית,8
30,אביחי אברהם בוארון,7
30,בועז ביסמוט,7
30,שרן מרים השכל,6
30,חילי טרופר,4
30,יאסר חוג'יראת,4
30,יוליה מלינובסקי,4
30,אורנה ברביבאי,3
30,איתמר בן גביר,3
30,בועז טופורובסקי,3
30,גלית דיסטל אטבריאן,3
30,חיים ביטון,3
30,יפעת שאשא ביטון,3
30,מתן כהנא,3
30,עידן רול,3
30,עמיחי אליהו,3
30,ואליד אלהואשלה,2
30,יעקב מרגי,2
30,משה רוט,2
30,רם בן ברק,2
30,דוד אמסלם,1
30,דן אילוז,1
30,יואב קיש,1
30,מיכל שיר סגמן,1
30,סימון מושיאשוילי,1
30,עפיף עבד,1
31,speaker_key,2798
31,שמחה רוטמן,766
31,דוד ביטן,683
31,יעקב אשר,560
31,משה גפני,421
31,ינון אזולאי,300
31,גלעד קריב,249
31,אליהו רביבו,233
31,נאור שירי,226
31,יוסף טייב,214
31,ישראל אייכלר,192
31,צביקה פוגל,185
31,נעמה לזימי,183
31,יצחק פינדרוס,175
31,עודד פורר,170
31,זאב אלקין,160
31,קארין אלהרר,158
31,ולדימיר בליאק,141
31,טלי גוטליב,124
31,מיקי לוי,117
31,מיכאל מרדכי ביטון,114
31,מטי צרפתי הרכבי,111
31,משה פסל,104
31,שלום דנינו,104
31,אופיר כץ,102
31,יונתן מישרקי,99
31,עמית הלוי,94
31,מיכל מרים וולדיגר,91
31,יולי יואל אדלשטיין,90
31,קטי קטרין שטרית,90
31,אלעזר שטרן,88
31,לימור סון הר מלך,78
31,פנינה תמנו,71
31,מירב בן ארי,65
31,יוליה מלינובסקי,63
31,חמד עמאר,57
31,חנוך דב מלביצקי,56
31,ארז מלול,53
31,מירב כהן,53
31,אוריאל בוסו,51
31,אלי דלל,50
31,אורית פרקש הכהן,49
31,יואב סגלוביץ',47
31,רון כץ,47
31,אפרת רייטן מרום,42
31,בועז ביסמוט,40
31,אברהם בצלאל,39
31,עאידה תומא סלימאן,39
31,אוהד טל,38
31,יסמין פרידמן,38
31,סימון דוידסון,38
31,אלון שוסטר,36
31,משה סולומון,36
31,דבי ביטון,34
31,יצחק קרויזר,33
31,אורנה ברביבאי,32
31,אריאל קלנר,32
31,יאסר חוג'יראת,32
31,משה טור פז,31
31,מתן כהנא,30
31,ניסים ואטורי,30
31,עופר כסיף,30
31,עמיחי אליהו,30
31,אימאן ח'טיב יאסין,28
31,אליהו ברוכי,27
31,יוראי להב הרצנו,25
31,ירון לוי,25
31,משה סעדה,25
31,צבי ידידיה סוכות,25
31,אביחי אברהם בוארון,24
31,שרון ניר,24
31,צגה מלקו,18
31,עידן רול,16
31,איימן עודה,15
31,אלמוג כהן,15
31,חוה אתי עטייה,15
31,יבגני סובה,15
31,בועז טופורובסקי,14
31,יוסף עטאונה,13
31,שלי טל מירון,13
31,מאיר כהן,11
31,שרן מרים השכל,11
31,אחמד טיבי,10
31,אביגדור ליברמן,9
31,טטיאנה מזרסקי,9
31,דן אילוז,6
31,ווליד טאהא,6
31,יואב קיש,6
31,ששון ששי גואטה,6
31,ואליד אלהואשלה,5
31,חילי טרופר,5
31,מיכל שיר סגמן,4
31,שלמה קרעי,4
31,גלית דיסטל אטבריאן,3
31,מנסור עבאס,3
31,אבי מעוז,2
31,חיים ביטון,2
31,יפעת שאשא ביטון,2
31,משה רוט,2
31,סימון מושיאשוילי,2
31,דני דנון,1
31,יואב בן צור,1
31,משה אבוטבול,1
31,משה ארבל,1
31,רם בן ברק,1
32,speaker_key,1459
32,שמחה רוטמן,408
32,דוד ביטן,300
32,יעקב אשר,233
32,משה גפני,178
32,ישראל אייכלר,148
32,גלעד קריב,136
32,נאור שירי,133
32,מיכאל מרדכי ביטון,120
32,ינון אזולאי,117
32,צביקה פוגל,104
32,אופיר כץ,97
32,יונתן מישרקי,97
32,נעמה לזימי,96
32,פנינה תמנו,95
32,ולדימיר בליאק,92
32,עודד פורר,90
32,יצחק פינדרוס,87
32,מיקי לוי,87
32,אליהו רביבו,85
32,יוסף טייב,79
32,טלי גוטליב,72
32,מטי צרפתי הרכבי,68
32,קארין אלהרר,64
32,אורית פרקש הכהן,62
32,שלום דנינו,62
32,מיכל מרים וולדיגר,59
32,זאב אלקין,58
32,לימור סון הר מלך,57
32,יולי יואל אדלשטיין,54
32,יוראי להב הרצנו,51
32,יסמין פרידמן,49
32,מירב בן ארי,49
32,אביחי אברהם בוארון,47
32,אלי דלל,45
32,צבי ידידיה סוכות,45
32,משה סעדה,43
32,עמית הלוי,41
32,חמד עמאר,36
32,מירב כהן,36
32,אלעזר שטרן,32
32,ניסים ואטורי,32
32,סימון דוידסון,32
32,חנוך דב מלביצקי,30
32,רון כץ,30
32,יצחק קרויזר,29
32,דבי ביטון,27
32,יואב סגלוביץ',27
32,אוהד טל,26
32,אוריאל בוסו,26
32,אפרת רייטן מרום,26
32,יבגני סובה,26
32,עופר כסיף,25
32,ארז מלול,23
32,חוה אתי עטייה,23
32,יואב קיש,23
32,אליהו ברוכי,22
32,קטי קטרין שטרית,22
32,אלון שוסטר,21
32,ווליד טאהא,19
32,משה טור פז,19
32,אחמד טיבי,18
32,מאיר כהן,18
32,משה פסל,18
32,יוסף עטאונה,17
32,ירון לוי,17
32,משה סולומון,17
32,מתן כהנא,17
32,עאידה תומא סלימאן,16
32,שרון ניר,16
32,אריאל קלנר,15
32,יאסר חוג'יראת,15
32,שלי טל מירון,15
32,שרן מרים השכל,15
32,אימאן ח'טיב יאסין,14
32,מיכל שיר סגמן,14
32,עידן רול,13
32,בועז טופורובסקי,12
32,יוליה מלינובסקי,12
32,אברהם בצלאל,11
32,בועז ביסמוט,11
32,אלמוג כהן,10
32,שלמה קרעי,10
32,ששון ששי גואטה,9
32,טטיאנה מזרסקי,8
32,רם בן ברק,8
32,צגה מלקו,7
32,איימן עודה,6
32,דן אילוז,6
32,אביגדור ליברמן,5
32,יפעת שאשא ביטון,4
32,מרב מיכאלי,4
32,סימון מושיאשוילי,4
32,אורנה ברביבאי,3
32,גלית דיסטל אטבריאן,3
32,מישל בוסקילה,3
32,משה ארבל,3
32,עמיחי אליהו,3
32,איתמר בן גביר,2
32,יריב לוין,2
32,מנסור עבאס,2
32,גדי איזנקוט,1
32,גדעון סער,1
32,ואליד אלהואשלה,1
32,חילי טרופר,1
32,יעקב מרגי,1
32,משה רוט,1
32,עפיף עבד,1
33,speaker_key,6315
33,שמחה רוטמן,2283
33,דוד ביטן,1443
33,צביקה פוגל,703
33,גלעד קריב,689
33,יעקב אשר,630
33,יצחק פינדרוס,610
33,יוסף טייב,539
33,אליהו רביבו,518
33,נעמה לזימי,517
33,משה גפני,505
33,ישראל אייכלר,489
33,יונתן מישרקי,477
33,מיקי לוי,468
33,ינון אזולאי,378
33,ולדימיר בליאק,368
33,מיכאל מרדכי ביטון,362
33,נאור שירי,350
33,פנינה תמנו,328
33,מיכל מרים וולדיגר,298
33,שלום דנינו,294
33,עמית הלוי,288
33,טלי גוטליב,285
33,יולי יואל אדלשטיין,271
33,מירב בן ארי,269
33,יסמין פרידמן,224
33,עודד פורר,220
33,אלי דלל,204
33,אלון שוסטר,202
33,אורית פרקש הכהן,198
33,לימור סון הר מלך,193
33,סימון דוידסון,193
33,קארין אלהרר,192
33,אלעזר שטרן,166
33,יצחק קרויזר,162
33,שלי טל מירון,149
33,משה סעדה,146
33,קטי קטרין שטרית,146
33,זאב אלקין,135
33,ארז מלול,132
33,חנוך דב מלביצקי,131
33,חמד עמאר,127
33,יוראי להב הרצנו,125
33,מטי צרפתי הרכבי,123
33,אופיר כץ,122
33,רון כץ,116
33,יואב סגלוביץ',113
33,דבי ביטון,100
33,מירב כהן,99
33,משה פסל,96
33,אוריאל בוסו,83
33,אפרת רייטן מרום,83
33,חוה אתי עטייה,81
33,עאידה תומא סלימאן,81
33,אליהו ברוכי,80
33,שלמה קרעי,80
33,גלית דיסטל אטבריאן,79
33,יוסף עטאונה,78
33,ירון לוי,71
33,אחמד טיבי,69
33,יבגני סובה,68
33,טטיאנה מזרסקי,64
33,מרב מיכאלי,64
33,אביחי אברהם בוארון,62
33,ווליד טאהא,62
33,שרון ניר,62
33,בועז טופורובסקי,61
33,משה טור פז,60
33,עופר כסיף,57
33,מאיר כהן,55
33,ששון ששי גואטה,51
33,אלמוג כהן,49
33,בועז ביסמוט,49
33,אוהד טל,48
33,צבי ידידיה סוכות,46
33,רם בן ברק,45
33,אימאן ח'טיב יאסין,41
33,יאסר חוג'יראת,40
33,עידן רול,40
33,צגה מלקו,38
33,יוליה מלינובסקי,35
33,משה סולומון,35
33,סימון מושיאשוילי,33
33,אריאל קלנר,26
33,אברהם בצלאל,25
33,ניסים ואטורי,25
33,ואליד אלהואשלה,18
33,מתן כהנא,18
33,איימן עודה,16
33,דן אילוז,14
33,מיכל שיר סגמן,13
33,שרן מרים השכל,13
33,חילי טרופר,9
33,משה רוט,7
33,יפעת שאשא ביטון,6
33,אלי כהן,5
33,גדי איזנקוט,4
33,עמיחי אליהו,3
33,אביגדור ליברמן,2
33,אורנה ברביבאי,2
33,גדעון סער,2
33,גילה גמליאל,2
33,משה ארבל,2
33,איתמר בן גביר,1
33,דוד אמסלם,1
33,דני דנון,1
33,יאיר לפיד,1
33,יואב קיש,1
33,יעקב מרגי,1
33,מנסור עבאס,1
34,speaker_key,3148
34,שמחה רוטמן,1025
34,דוד ביטן,759
34,יעקב אשר,573
34,משה גפני,447
34,גלעד קריב,329
34,ישראל אייכלר,305
34,מיכאל מרדכי ביטון,289
34,אופיר כץ,263
34,צביקה פוגל,256
34,נאור שירי,250
34,נעמה לזימי,240
34,פנינה תמנו,240
34,יוסף טייב,234
34,ינון אזולאי,213
34,יצחק פינדרוס,202
34,אליהו רביבו,197
34,יונתן מישרקי,187
34,עודד פורר,181
34,ולדימיר בליאק,172
34,טלי גוטליב,157
34,זאב אלקין,139
34,מיקי לוי,132
34,לימור סון הר מלך,130
34,יולי יואל אדלשטיין,126
34,קארין אלהרר,121
34,עמית הלוי,112
34,אורית פרקש הכהן,111
34,מירב בן ארי,111
34,מטי צרפתי הרכבי,109
34,מירב כהן,108
34,משה סעדה,107
34,שלום דנינו,104
34,יוראי להב הרצנו,100
34,אלי דלל,91
34,סימון דוידסון,91
34,אפרת רייטן מרום,82
34,אוריאל בוסו,80
34,חנוך דב מלביצקי,79
34,יסמין פרידמן,79
34,מיכל מרים וולדיגר,79
34,רון כץ,70
34,חמד עמאר,69
34,דבי ביטון,68
34,קטי קטרין שטרית,64
34,ארז מלול,63
34,צבי ידידיה סוכות,62
34,אלון שוסטר,61
34,משה טור פז,58
34,אברהם בצלאל,57
34,יואב סגלוביץ',54
34,שלי טל מירון,52
34,יואב קיש,50
34,אוהד טל,49
34,ניסים ואטורי,49
34,אלעזר שטרן,48
34,עאידה תומא סלימאן,48
34,יצחק קרויזר,47
34,משה פסל,46
34,שלמה קרעי,46
34,שרון ניר,46
34,אריאל קלנר,42
34,חוה אתי עטייה,42
34,יבגני סובה,42
34,מאיר כהן,40
34,עופר כסיף,39
34,אביחי אברהם בוארון,37
34,יוסף עטאונה,37
34,שרן מרים השכל,37
34,בועז ביסמוט,32
34,מיכל שיר סגמן,31
34,משה סולומון,30
34,טטיאנה מזרסקי,28
34,יאסר חוג'יראת,28
34,צגה מלקו,28
34,רם בן ברק,27
34,אליהו ברוכי,26
34,ששון ששי גואטה,26
34,בועז טופורובסקי,25
34,יוליה מלינובסקי,25
34,ירון לוי,25
34,חילי טרופר,24
34,אורנה ברביבאי,23
34,אחמד טיבי,22
34,איימן עודה,22
34,ווליד טאהא,22
34,אלמוג כהן,18
34,יפעת שאשא ביטון,18
34,דן אילוז,17
34,גלית דיסטל אטבריאן,16
34,מתן כהנא,13
34,אימאן ח'טיב יאסין,12
34,משה רוט,12
34,משה ארבל,11
34,סימון מושיאשוילי,11
34,עידן רול,9
34,ואליד אלהואשלה,8
34,איתמר בן גביר,7
34,מרב מיכאלי,7
34,אביגדור ליברמן,6
34,עמיחי אליהו,6
34,מנסור עבאס,5
34,גדי איזנקוט,4
34,מישל בוסקילה,4
34,אבי מעוז,2
34,איתן גינזבורג,2
34,גדעון סער,2
34,בנימין גנץ,1
34,דני דנון,1
34,חיים ביטון,1
34,יעל רון בן משה,1
34,יצחק גולדקנופ,1
34,מאיר פרוש,1
34,עפיף עבד,1
35,speaker_key,4538
35,שמחה רוטמן,2023
35,דוד ביטן,1651
35,יעקב אשר,1181
35,משה גפני,779
35,אופיר כץ,647
35,נאור שירי,533
35,גלעד קריב,508
35,ינון אזולאי,459
35,פנינה תמנו,433
35,עודד פורר,403
35,מטי צרפתי הרכבי,372
35,יוסף טייב,347
35,ישראל אייכלר,346
35,צביקה פוגל,344
35,יצחק פינדרוס,338
35,מיכאל מרדכי ביטון,320
35,ולדימיר בליאק,310
35,זאב אלקין,294
35,אליהו רביבו,286
35,איתמר בן גביר,256
35,מירב בן ארי,244
35,קארין אלהרר,243
35,יוראי להב הרצנו,235
35,אפרת רייטן מרום,228
35,יונתן מישרקי,225
35,טלי גוטליב,223
35,רון כץ,219
35,אוריאל בוסו,217
35,יסמין פרידמן,207
35,נעמה לזימי,203
35,אלי דלל,180
35,משה סעדה,180
35,ארז מלול,179
35,מיקי לוי,178
35,שלום דנינו,151
35,עמית הלוי,147
35,אוהד טל,142
35,סימון דוידסון,140
35,לימור סון הר מלך,128
35,אלעזר שטרן,127
35,אברהם בצלאל,118
35,יוליה מלינובסקי,117
35,אורית פרקש הכהן,116
35,עאידה תומא סלימאן,109
35,משה טור פז,107
35,צבי ידידיה סוכות,102
35,חמד עמאר,101
35,מיכל מרים וולדיגר,101
35,חנוך דב מלביצקי,95
35,יואב סגלוביץ',93
35,אליהו ברוכי,92
35,יואב קיש,89
35,מירב כהן,87
35,אלון שוסטר,86
35,אריאל קלנר,85
35,יצחק קרויזר,84
35,עופר כסיף,84
35,שלי טל מירון,83
35,יבגני סובה,76
35,משה סולומון,75
35,ניסים ואטורי,75
35,חוה אתי עטייה,72
35,אורנה ברביבאי,68
35,שרן מרים השכל,67
35,משה ארבל,65
35,טטיאנה מזרסקי,61
35,קטי קטרין שטרית,59
35,אלמוג כהן,57
35,מאיר כהן,57
35,אחמד טיבי,56
35,דבי ביטון,56
35,יולי יואל אדלשטיין,55
35,בועז טופורובסקי,52
35,אימאן ח'טיב יאסין,47
35,יוסף עטאונה,47
35,שלמה קרעי,45
35,משה פסל,44
35,מיכל שיר סגמן,38
35,שרון ניר,35
35,איימן עודה,32
35,מתן כהנא,32
35,צגה מלקו,31
35,בועז ביסמוט,26
35,ווליד טאהא,26
35,ירון לוי,26
35,יאסר חוג'יראת,24
35,אביחי אברהם בוארון,22
35,ששון ששי גואטה,20
35,חילי טרופר,18
35,מנסור עבאס,15
35,רם בן ברק,14
35,סימון מושיאשוילי,13
35,ואליד אלהואשלה,10
35,גלית דיסטל אטבריאן,9
35,דן אילוז,9
35,יפעת שאשא ביטון,8
35,אביגדור ליברמן,7
35,מרב מיכאלי,7
35,עמיחי אליהו,7
35,משה רוט,6
35,חיים ביטון,5
35,עידן רול,5
35,מישל בוסקילה,4
35,דוד אמסלם,3
35,מאיר פרוש,3
35,מיכאל מלכיאלי,3
35,אבי דיכטר,2
35,גדי איזנקוט,1
35,יאיר לפיד,1
35,יעקב מרגי,1
35,יצחק שמעון וסרלאוף,1
35,משה אבוטבול,1
36,speaker_key,3360
36,שמחה רוטמן,1150
36,דוד ביטן,830
36,יעקב אשר,544
36,משה גפני,408
36,אופיר כץ,385
36,ישראל אייכלר,378
36,פנינה תמנו,351
36,ינון אזולאי,327
36,יצחק פינדרוס,292
36,נאור שירי,279
36,נעמה לזימי,262
36,טלי גוטליב,229
36,ולדימיר בליאק,225
36,מיקי לוי,216
36,עודד פורר,215
36,יוסף טייב,205
36,שלום דנינו,205
36,צביקה פוגל,204
36,גלעד קריב,196
36,יונתן מישרקי,194
36,אליהו רביבו,191
36,מיכאל מרדכי ביטון,187
36,קארין אלהרר,181
36,יולי יואל אדלשטיין,178
36,משה סעדה,162
36,מיכל מרים וולדיגר,152
36,מירב כהן,152
36,מירב בן ארי,143
36,מטי צרפתי הרכבי,133
36,אורית פרקש הכהן,121
36,רון כץ,116
36,חמד עמאר,104
36,אלי דלל,96
36,אוריאל בוסו,90
36,יוראי להב הרצנו,90
36,ארז מלול,88
36,משה טור פז,86
36,זאב אלקין,85
36,עמית הלוי,84
36,דבי ביטון,83
36,אוהד טל,82
36,קטי קטרין שטרית,82
36,לימור סון הר מלך,77
36,מאיר כהן,73
36,יואב סגלוביץ',67
36,טטיאנה מזרסקי,66
36,אלון שוסטר,63
36,אלעזר שטרן,61
36,סימון דוידסון,58
36,עאידה תומא סלימאן,58
36,יוסף עטאונה,55
36,חוה אתי עטייה,53
36,אחמד טיבי,51
36,ירון לוי,51
36,יסמין פרידמן,50
36,משה פסל,49
36,חנוך דב מלביצקי,48
36,אריאל קלנר,47
36,יוליה מלינובסקי,46
36,ניסים ואטורי,45
36,שרון ניר,44
36,אפרת רייטן מרום,43
36,בועז ביסמוט,42
36,שלי טל מירון,41
36,צגה מלקו,39
36,יבגני סובה,36
36,גדי איזנקוט,34
36,אברהם בצלאל,33
36,בועז טופורובסקי,33
36,עופר כסיף,33
36,אלמוג כהן,32
36,דן אילוז,32
36,יצחק קרויזר,30
36,צבי ידידיה סוכות,29
36,שרן מרים השכל,29
36,אימאן ח'טיב יאסין,26
36,יאסר חוג'יראת,26
36,אביחי אברהם בוארון,25
36,ווליד טאהא,24
36,משה סולומון,24
36,איימן עודה,21
36,אליהו ברוכי,20
36,ששון ששי גואטה,20
36,מיכל שיר סגמן,17
36,מתן כהנא,16
36,גלית דיסטל אטבריאן,15
36,חילי טרופר,15
36,אורנה ברביבאי,13
36,רם בן ברק,13
36,סימון מושיאשוילי,12
36,מנסור עבאס,7
36,מרב מיכאלי,7
36,משה רוט,6
36,שלמה קרעי,6
36,יעל רון בן משה,5
36,יפעת שאשא ביטון,5
36,משה ארבל,5
36,אביגדור ליברמן,4
36,אמיר אוחנה,3
36,ואליד אלהואשלה,3
36,חיים ביטון,3
36,יואב קיש,3
36,יואב גלנט,2
36,עדי עזוז,2
36,אופיר סופר,1
36,איתמר בן גביר,1
36,גדעון סער,1
36,דוד אמסלם,1
36,יעקב מרגי,1
36,יצחק שמעון וסרלאוף,1
36,מישל בוסקילה,1
36,עידן רול,1
37,speaker_key,3045
37,שמחה רוטמן,651
37,דוד ביטן,486
37,יעקב אשר,344
37,ישראל אייכלר,274
37,יונתן מישרקי,253
37,גלעד קריב,251
37,נאור שירי,246
37,אופיר כץ,231
37,עמית הלוי,226
37,יוסף טייב,221
37,פנינה תמנו,201
37,משה גפני,193
37,ינון אזולאי,144
37,יצחק פינדרוס,138
37,אליהו רביבו,122
37,אלי דלל,113
37,ולדימיר בליאק,112
37,נעמה לזימי,111
37,צביקה פוגל,110
37,יסמין פרידמן,109
37,מיכאל מרדכי ביטון,102
37,מיכל מרים וולדיגר,101
37,עודד פורר,100
37,אוריאל בוסו,90
37,לימור סון הר מלך,85
37,רון כץ,85
37,מירב בן ארי,77
37,דבי ביטון,76
37,אורית פרקש הכהן,67
37,חנוך דב מלביצקי,67
37,משה סעדה,65
37,זאב אלקין,64
37,יוראי להב הרצנו,63
37,טלי גוטליב,53
37,שלום דנינו,53
37,מטי צרפתי הרכבי,52
37,ניסים ואטורי,50
37,אריאל קלנר,49
37,מיקי לוי,49
37,קארין אלהרר,48
37,יואב סגלוביץ',46
37,יולי יואל אדלשטיין,46
37,חמד עמאר,45
37,צבי ידידיה סוכות,41
37,אפרת רייטן מרום,40
37,יוליה מלינובסקי,40
37,מירב כהן,38
37,סימון דוידסון,37
37,אברהם בצלאל,35
37,אליהו ברוכי,34
37,חוה אתי עטייה,32
37,משה טור פז,31
37,עאידה תומא סלימאן,31
37,משה סולומון,26
37,אלון שוסטר,23
37,יבגני סובה,22
37,ארז מלול,20
37,שלי טל מירון,20
37,עידן רול,19
37,אלעזר שטרן,18
37,שרון ניר,18
37,אביחי אברהם בוארון,17
37,חילי טרופר,17
37,טטיאנה מזרסקי,17
37,מיכל שיר סגמן,17
37,איימן עודה,15
37,אוהד טל,14
37,מאיר כהן,14
37,קטי קטרין שטרית,14
37,ששון ששי גואטה,13
37,יצחק קרויזר,12
37,אימאן ח'טיב יאסין,9
37,אלמוג כהן,9
37,יוסף עטאונה,9
37,שרן מרים השכל,9
37,אחמד טיבי,8
37,משה פסל,8
37,רם בן ברק,8
37,גלית דיסטל אטבריאן,7
37,ירון לוי,7
37,בועז טופורובסקי,6
37,מתן כהנא,6
37,עופר כסיף,6
37,צגה מלקו,6
37,דן אילוז,5
37,יפעת שאשא ביטון,5
37,סימון מושיאשוילי,5
37,אורנה ברביבאי,4
37,ווליד טאהא,4
37,בועז ביסמוט,3
37,יאסר חוג'יראת,3
37,יואב קיש,3
37,איתן גינזבורג,2
37,דוד אמסלם,2
37,ואליד אלהואשלה,2
37,מישל בוסקילה,2
37,משה רוט,2
37,איתמר בן גביר,1
37,מנסור עבאס,1
37,משה ארבל,1
37,עידית סילמן,1
37,עמיחי אליהו,1
37,עמיחי שיקלי,1
38,speaker_key,2725
38,שמחה רוטמן,980
38,דוד ביטן,607
38,יעקב אשר,454
38,משה גפני,436
38,גלעד קריב,284
38,ישראל אייכלר,261
38,ולדימיר בליאק,251
38,אליהו רביבו,243
38,נעמה לזימי,238
38,יוסף טייב,234
38,אופיר כץ,202
38,ינון אזולאי,199
38,נאור שירי,197
38,מיכאל מרדכי ביטון,188
38,יונתן מישרקי,180
38,צביקה פוגל,151
38,מיקי לוי,141
38,עודד פורר,132
38,טלי גוטליב,128
38,פנינה תמנו,128
38,עמית הלוי,125
38,קארין אלהרר,112
38,יצחק פינדרוס,108
38,זאב אלקין,107
38,יסמין פרידמן,106
38,אורית פרקש הכהן,105
38,מטי צרפתי הרכבי,97
38,אלי דלל,91
38,יוראי להב הרצנו,91
38,מירב כהן,85
38,לימור סון הר מלך,84
38,משה פסל,78
38,משה סעדה,77
38,שלום דנינו,77
38,סימון דוידסון,64
38,צבי ידידיה סוכות,61
38,אלון שוסטר,60
38,אברהם בצלאל,59
38,דבי ביטון,58
38,מיכל מרים וולדיגר,55
38,יולי יואל אדלשטיין,54
38,יואב סגלוביץ',52
38,מירב בן ארי,51
38,רון כץ,51
38,ארז מלול,50
38,אפרת רייטן מרום,44
38,אריאל קלנר,44
38,משה טור פז,44
38,עופר כסיף,43
38,חוה אתי עטייה,42
38,חמד עמאר,38
38,אוריאל בוסו,37
38,יוליה מלינובסקי,36
38,אליהו ברוכי,35
38,שלי טל מירון,35
38,קטי קטרין שטרית,33
38,חנוך דב מלביצקי,31
38,יבגני סובה,28
38,ניסים ואטורי,28
38,טטיאנה מזרסקי,26
38,משה סולומון,26
38,שרון ניר,26
38,אביחי אברהם בוארון,25
38,שרן מרים השכל,25
38,עאידה תומא סלימאן,24
38,מאיר כהן,23
38,מיכל שיר סגמן,22
38,אוהד טל,21
38,אלמוג כהן,21
38,בועז טופורובסקי,21
38,יצחק קרויזר,21
38,איימן עודה,20
38,דן אילוז,20
38,אימאן ח'טיב יאסין,19
38,יוסף עטאונה,19
38,ירון לוי,19
38,יאסר חוג'יראת,18
38,מתן כהנא,18
38,אורנה ברביבאי,17
38,אחמד טיבי,17
38,אלעזר שטרן,15
38,בועז ביסמוט,14
38,רם בן ברק,12
38,יפעת שאשא ביטון,9
38,ששון ששי גואטה,9
38,גלית דיסטל אטבריאן,6
38,ואליד אלהואשלה,6
38,ווליד טאהא,5
38,משה רוט,5
38,סימון מושיאשוילי,5
38,עמיחי אליהו,5
38,צגה מלקו,5
38,אביגדור ליברמן,4
38,גדעון סער,3
38,חילי טרופר,3
38,מישל בוסקילה,3
38,מרב מיכאלי,3
38,יואב קיש,2
38,שלמה קרעי,2
38,אמיר אוחנה,1
38,גדי איזנקוט,1
38,מאיר פרוש,1
38,מנסור עבאס,1
38,משה ארבל,1
38,סמיר בן סעיד,1
38,עפיף עבד,1
39,speaker_key,4503
39,דוד ביטן,1063
39,שמחה רוטמן,710
39,ישראל אייכלר,602
39,צביקה פוגל,577
39,משה גפני,544
39,יונתן מישרקי,426
39,יעקב אשר,410
39,גלעד קריב,374
39,נאור שירי,248
39,מיכאל מרדכי ביטון,241
39,עודד פורר,228
39,טלי גוטליב,223
39,אליהו רביבו,216
39,נעמה לזימי,190
39,משה סעדה,183
39,יצחק פינדרוס,180
39,מירב כהן,175
39,יוסף טייב,174
39,אלי דלל,168
39,ינון אזולאי,168
39,לימור סון הר מלך,164
39,פנינה תמנו,164
39,ולדימיר בליאק,159
39,יסמין פרידמן,159
39,יולי יואל אדלשטיין,148
39,עמית הלוי,146
39,שלום דנינו,146
39,אופיר כץ,143
39,מירב בן ארי,135
39,זאב אלקין,126
39,מיכל מרים וולדיגר,125
39,קארין אלהרר,121
39,אפרת רייטן מרום,118
39,דבי ביטון,108
39,יוראי להב הרצנו,106
39,חנוך דב מלביצקי,84
39,חוה אתי עטייה,81
39,מטי צרפתי הרכבי,80
39,מיקי לוי,78
39,אורית פרקש הכהן,76
39,עאידה תומא סלימאן,75
39,שלי טל מירון,75
39,בועז טופורובסקי,73
39,צבי ידידיה סוכות,73
39,משה טור פז,70
39,אלון שוסטר,69
39,רון כץ,67
39,קטי קטרין שטרית,66
39,שרון ניר,66
39,סימון דוידסון,64
39,אביחי אברהם בוארון,62
39,טטיאנה מזרסקי,60
39,משה סולומון,60
39,אריאל קלנר,57
39,אליהו ברוכי,56
39,אוריאל בוסו,54
39,אברהם בצלאל,51
39,ארז מלול,49
39,יוליה מלינובסקי,48
39,ירון לוי,48
39,חמד עמאר,47
39,צגה מלקו,45
39,יצחק קרויזר,44
39,ששון ששי גואטה,44
39,יואב סגלוביץ',40
39,אלעזר שטרן,38
39,משה פסל,37
39,שרן מרים השכל,35
39,יאסר חוג'יראת,33
39,יפעת שאשא ביטון,33
39,עופר כסיף,33
39,בועז ביסמוט,32
39,יוסף עטאונה,30
39,אחמד טיבי,29
39,ניסים ואטורי,28
39,אימאן ח'טיב יאסין,26
39,מאיר כהן,26
39,משה רוט,25
39,אוהד טל,23
39,עידן רול,22
39,ווליד טאהא,19
39,יבגני סובה,19
39,איימן עודה,18
39,אלמוג כהן,17
39,רם בן ברק,17
39,דן אילוז,14
39,אורנה ברביבאי,12
39,סימון מושיאשוילי,12
39,יואב קיש,11
39,מתן כהנא,10
39,ואליד אלהואשלה,9
39,מיכל שיר סגמן,9
39,שלמה קרעי,7
39,חילי טרופר,6
39,מרב מיכאלי,5
39,עמיחי אליהו,4
39,אביגדור ליברמן,3
39,משה ארבל,3
39,עידית סילמן,3
39,גדעון סער,2
39,גילה גמליאל,2
39,גלית דיסטל אטבריאן,2
39,אבי מעוז,1
39,גדי איזנקוט,1
40,speaker_key,4981
40,שמחה רוטמן,1550
40,דוד ביטן,965
40,יעקב אשר,936
40,משה גפני,615
40,ינון אזולאי,554
40,צביקה פוגל,526
40,ולדימיר בליאק,495
40,יונתן מישרקי,484
40,אליהו רביבו,473
40,גלעד קריב,438
40,ישראל אייכלר,425
40,יוסף טייב,406
40,אופיר כץ,395
40,מיקי לוי,381
40,יצחק פינדרוס,374
40,נאור שירי,348
40,עודד פורר,343
40,נעמה לזימי,318
40,מיכאל מרדכי ביטון,272
40,פנינה תמנו,261
40,מירב בן ארי,249
40,טלי גוטליב,242
40,זאב אלקין,222
40,אלי דלל,215
40,עמית הלוי,213
40,משה סעדה,211
40,מטי צרפתי הרכבי,210
40,יוראי להב הרצנו,198
40,לימור סון הר מלך,197
40,סימון דוידסון,184
40,חנוך דב מלביצקי,175
40,מירב כהן,163
40,אורית פרקש הכהן,159
40,אפרת רייטן מרום,159
40,שלום דנינו,156
40,קארין אלהרר,153
40,חמד עמאר,147
40,יסמין פרידמן,144
40,מאיר כהן,142
40,מיכל מרים וולדיגר,142
40,עאידה תומא סלימאן,139
40,משה טור פז,121
40,אלעזר שטרן,118
40,יולי יואל אדלשטיין,118
40,אלון שוסטר,115
40,אוריאל בוסו,113
40,דבי ביטון,111
40,יוליה מלינובסקי,110
40,ארז מלול,105
40,רון כץ,100
40,יואב סגלוביץ',99
40,חוה אתי עטייה,98
40,ניסים ואטורי,92
40,צבי ידידיה סוכות,87
40,יבגני סובה,78
40,אברהם בצלאל,76
40,אוהד טל,71
40,מתן כהנא,70
40,יצחק קרויזר,65
40,קטי קטרין שטרית,60
40,משה סולומון,59
40,בועז ביסמוט,54
40,שרון ניר,54
40,איימן עודה,53
40,אחמד טיבי,51
40,טטיאנה מזרסקי,51
40,משה פסל,50
40,שלי טל מירון,49
40,אליהו ברוכי,48
40,יואב קיש,48
40,עופר כסיף,44
40,יוסף עטאונה,43
40,יאסר חוג'יראת,42
40,ירון לוי,41
40,אביגדור ליברמן,40
40,אביחי אברהם בוארון,40
40,אימאן ח'טיב יאסין,37
40,אלמוג כהן,36
40,שרן מרים השכל,36
40,בועז טופורובסקי,32
40,שלמה קרעי,31
40,משה ארבל,28
40,צגה מלקו,26
40,רם בן ברק,25
40,אורנה ברביבאי,24
40,אריאל קלנר,24
40,מישל בוסקילה,23
40,מיכל שיר סגמן,22
40,ששון ששי גואטה,18
40,מרב מיכאלי,17
40,סימון מושיאשוילי,16
40,איתמר בן גביר,15
40,גלית דיסטל אטבריאן,12
40,דן אילוז,12
40,ואליד אלהואשלה,12
40,ווליד טאהא,12
40,יפעת שאשא ביטון,11
40,מאיר פרוש,11
40,עמיחי אליהו,8
40,משה רוט,7
40,עידן רול,6
40,חילי טרופר,5
40,מנסור עבאס,5
40,אריה מכלוף דרעי,4
40,אורי מקלב,2
40,גדעון סער,2
40,דוד אמסלם,2
40,אבי דיכטר,1
40,יעקב מרגי,1
40,עמיחי שיקלי,1
41,speaker_key,4156
41,שמחה רוטמן,1105
41,דוד ביטן,722
41,נאור שירי,491
41,משה גפני,452
41,יעקב אשר,408
41,גלעד קריב,397
41,יונתן מישרקי,312
41,יוסף טייב,301
41,ישראל אייכלר,249
41,אליהו רביבו,239
41,קארין אלהרר,226
41,צביקה פוגל,220
41,מיקי לוי,217
41,פנינה תמנו,217
41,נעמה לזימי,211
41,יצחק פינדרוס,206
41,ניסים ואטורי,206
41,מיכאל מרדכי ביטון,194
41,עמית הלוי,174
41,ינון אזולאי,169
41,צבי ידידיה סוכות,169
41,טלי גוטליב,167
41,אופיר כץ,161
41,ולדימיר בליאק,159
41,יסמין פרידמן,156
41,מירב בן ארי,151
41,יוראי להב הרצנו,141
41,חמד עמאר,132
41,שלום דנינו,125
41,מירב כהן,123
41,מיכל מרים וולדיגר,121
41,לימור סון הר מלך,119
41,עודד פורר,119
41,אורית פרקש הכהן,105
41,עאידה תומא סלימאן,104
41,יואב סגלוביץ',102
41,מטי צרפתי הרכבי,97
41,זאב אלקין,96
41,משה פסל,96
41,יצחק קרויזר,95
41,אלמוג כהן,93
41,משה סעדה,86
41,יולי יואל אדלשטיין,84
41,יבגני סובה,81
41,ארז מלול,74
41,סימון דוידסון,72
41,אלי דלל,65
41,אוריאל בוסו,57
41,אברהם בצלאל,56
41,אוהד טל,56
41,אלעזר שטרן,56
41,חנוך דב מלביצקי,56
41,רון כץ,53
41,שלי טל מירון,52
41,חוה אתי עטייה,50
41,אפרת רייטן מרום,49
41,משה סולומון,47
41,קטי קטרין שטרית,43
41,שרן מרים השכל,40
41,טטיאנה מזרסקי,39
41,אימאן ח'טיב יאסין,35
41,בועז טופורובסקי,35
41,מאיר כהן,35
41,בועז ביסמוט,34
41,אלון שוסטר,33
41,יאסר חוג'יראת,32
41,אביחי אברהם בוארון,31
41,אריאל קלנר,29
41,דבי ביטון,29
41,דן אילוז,27
41,אליהו ברוכי,25
41,יוליה מלינובסקי,25
41,עופר כסיף,25
41,אחמד טיבי,24
41,איימן עודה,24
41,יוסף עטאונה,23
41,משה טור פז,22
41,משה רוט,22
41,עמיחי אליהו,17
41,שרון ניר,17
41,ירון לוי,16
41,ווליד טאהא,15
41,רם בן ברק,14
41,מיכל שיר סגמן,13
41,צגה מלקו,11
41,ששון ששי גואטה,10
41,אבי מעוז,9
41,שלמה קרעי,9
41,מתן כהנא,8
41,סימון מושיאשוילי,7
41,אורנה ברביבאי,5
41,ואליד אלהואשלה,5
41,חילי טרופר,5
41,יפעת שאשא ביטון,5
41,משה ארבל,5
41,דוד אמסלם,4
41,יואב קיש,3
41,עידן רול,3
41,גדעון סער,2
41,חיים ביטון,2
41,מישל בוסקילה,2
41,מנסור עבאס,2
41,מרב מיכאלי,2
41,עפיף עבד,2
41,בנימין גנץ,1
41,גדי איזנקוט,1
41,גילה גמליאל,1
41,יעל רון בן משה,1
41,משה אבוטבול,1
41,עידית סילמן,1
42,speaker_key,1153
42,שמחה רוטמן,895
42,יעקב אשר,528
42,דוד ביטן,251
42,יצחק פינדרוס,222
42,גלעד קריב,219
42,שלמה קרעי,207
42,משה גפני,183
42,יונתן מישרקי,167
42,ינון אזולאי,151
42,קארין אלהרר,130
42,אליהו רביבו,118
42,עמית הלוי,98
42,אלי דלל,96
42,נאור שירי,94
42,ולדימיר בליאק,86
42,נעמה לזימי,84
42,מיקי לוי,79
42,חמד עמאר,77
42,מיכאל מרדכי ביטון,75
42,אוריאל בוסו,69
42,ישראל אייכלר,66
42,פנינה תמנו,63
42,אופיר כץ,60
42,שלום דנינו,59
42,צביקה פוגל,52
42,זאב אלקין,49
42,יולי יואל אדלשטיין,45
42,יוסף טייב,45
42,לימור סון הר מלך,44
42,עודד פורר,39
42,חוה אתי עטייה,34
42,יוראי להב הרצנו,34
42,מירב כהן,34
42,גדעון סער,33
42,צבי ידידיה סוכות,30
42,טלי גוטליב,27
42,יואב סגלוביץ',26
42,ארז מלול,24
42,דבי ביטון,24
42,יסמין פרידמן,24
42,מטי צרפתי הרכבי,23
42,אברהם בצלאל,22
42,אורית פרקש הכהן,22
42,מיכל מרים וולדיגר,22
42,מירב בן ארי,22
42,אלון שוסטר,20
42,עאידה תומא סלימאן,20
42,אפרת רייטן מרום,19
42,מאיר כהן,19
42,סימון דוידסון,19
42,משה סעדה,18
42,רון כץ,18
42,אוהד טל,15
42,ניסים ואטורי,15
42,שרן מרים השכל,15
42,אלעזר שטרן,14
42,חנוך דב מלביצקי,13
42,מיכל שיר סגמן,13
42,אריאל קלנר,12
42,טטיאנה מזרסקי,12
42,משה סולומון,12
42,קטי קטרין שטרית,12
42,איימן עודה,11
42,יבגני סובה,11
42,משה טור פז,10
42,אליהו ברוכי,9
42,יואב קיש,9
42,שלי טל מירון,9
42,שרון ניר,9
42,אימאן ח'טיב יאסין,8
42,יוליה מלינובסקי,8
42,יצחק קרויזר,8
42,ירון לוי,8
42,אורנה ברביבאי,7
42,אלמוג כהן,7
42,בועז ביסמוט,7
42,בועז טופורובסקי,7
42,משה פסל,7
42,עופר כסיף,7
42,ווליד טאהא,6
42,יוסף עטאונה,6
42,מתן כהנא,6
42,גלית דיסטל אטבריאן,5
42,עמיחי אליהו,5
42,אחמד טיבי,4
42,מרב מיכאלי,4
42,רם בן ברק,4
42,יאסר חוג'יראת,3
42,צגה מלקו,3
42,ששון ששי גואטה,3
42,אביגדור ליברמן,2
42,מישל בוסקילה,2
42,מנסור עבאס,2
42,משה רוט,2
42,בנימין גנץ,1
42,גדי איזנקוט,1
42,דן אילוז,1
42,ואליד אלהואשלה,1
42,יפעת שאשא ביטון,1
42,עידן רול,1
43,speaker_key,4435
43,שמחה רוטמן,1696
43,דוד ביטן,1303
43,יעקב אשר,928
43,גלעד קריב,530
43,משה גפני,497
43,נאור שירי,401
43,צביקה פוגל,328
43,אופיר כץ,325
43,ישראל אייכלר,312
43,ינון אזולאי,298
43,יצחק פינדרוס,292
43,קארין אלהרר,269
43,עודד פורר,251
43,אליהו רביבו,247
43,מיכאל מרדכי ביטון,242
43,יונתן מישרקי,222
43,ולדימיר בליאק,211
43,יוסף טייב,207
43,מיקי לוי,196
43,נעמה לזימי,187
43,מיכל מרים וולדיגר,175
43,לימור סון הר מלך,173
43,פנינה תמנו,173
43,ארז מלול,170
43,יואב סגלוביץ',168
43,אוריאל בוסו,165
43,שלמה קרעי,165
43,מירב בן ארי,148
43,יסמין פרידמן,144
43,טלי גוטליב,133
43,שלום דנינו,133
43,דבי ביטון,124
43,צבי ידידיה סוכות,123
43,עמית הלוי,122
43,אורית פרקש הכהן,120
43,יוראי להב הרצנו,119
43,אפרת רייטן מרום,112
43,אלון שוסטר,108
43,חמד עמאר,105
43,זאב אלקין,104
43,משה טור פז,99
43,שלי טל מירון,97
43,אלמוג כהן,95
43,סימון דוידסון,91
43,מירב כהן,87
43,אוהד טל,78
43,אלעזר שטרן,75
43,אלי דלל,74
43,בועז ביסמוט,74
43,יצחק קרויזר,73
43,מטי צרפתי הרכבי,72
43,עאידה תומא סלימאן,71
43,רון כץ,71
43,קטי קטרין שטרית,67
43,משה סולומון,64
43,חוה אתי עטייה,62
43,מאיר כהן,59
43,אברהם בצלאל,55
43,עופר כסיף,52
43,יולי יואל אדלשטיין,51
43,סימון מושיאשוילי,50
43,שרון ניר,48
43,יבגני סובה,44
43,ירון לוי,42
43,משה פסל,42
43,חנוך דב מלביצקי,41
43,יוסף עטאונה,39
43,משה סעדה,36
43,איימן עודה,34
43,יאסר חוג'יראת,32
43,יוליה מלינובסקי,32
43,משה רוט,32
43,אריאל קלנר,28
43,טטיאנה מזרסקי,27
43,צגה מלקו,27
43,אביחי אברהם בוארון,25
43,מתן כהנא,25
43,אימאן ח'טיב יאסין,24
43,מיכל שיר סגמן,23
43,ניסים ואטורי,22
43,אליהו ברוכי,21
43,יפעת שאשא ביטון,21
43,עידן רול,21
43,ששון ששי גואטה,21
43,אורנה ברביבאי,18
43,אחמד טיבי,18
43,בועז טופורובסקי,17
43,משה ארבל,16
43,דן אילוז,14
43,ואליד אלהואשלה,14
43,שרן מרים השכל,13
43,רם בן ברק,11
43,מנסור עבאס,10
43,ווליד טאהא,8
43,חילי טרופר,7
43,יואב קיש,5
43,עידית סילמן,5
43,אלי כהן,3
43,גלית דיסטל אטבריאן,3
43,יעקב מרגי,3
43,מרב מיכאלי,3
43,אבי דיכטר,1
43,איתמר בן גביר,1
43,איתן גינזבורג,1
43,חיים ביטון,1
43,מאיר פרוש,1
43,סמיר בן סעיד,1
43,עמיחי אליהו,1
44,speaker_key,2959
44,שמחה רוטמן,801
44,דוד ביטן,757
44,יעקב אשר,580
44,משה גפני,530
44,נעמה לזימי,334
44,צביקה פוגל,333
44,ינון אזולאי,300
44,נאור שירי,272
44,עמית הלוי,270
44,יצחק פינדרוס,256
44,קארין אלהרר,235
44,מיקי לוי,227
44,יונתן מישרקי,226
44,גלעד קריב,224
44,אליהו רביבו,206
44,יוסף טייב,186
44,זאב אלקין,185
44,מיכאל מרדכי ביטון,159
44,אלעזר שטרן,148
44,ולדימיר בליאק,143
44,אופיר כץ,139
44,שלום דנינו,124
44,יואב סגלוביץ',120
44,מירב כהן,114
44,עודד פורר,113
44,ארז מלול,112
44,מיכל מרים וולדיגר,112
44,לימור סון הר מלך,103
44,ישראל אייכלר,99
44,פנינה תמנו,97
44,חמד עמאר,92
44,יוראי להב הרצנו,88
44,מטי צרפתי הרכבי,88
44,מירב בן ארי,86
44,יסמין פרידמן,84
44,משה טור פז,83
44,רון כץ,79
44,אלי דלל,76
44,אורית פרקש הכהן,74
44,יולי יואל אדלשטיין,74
44,דבי ביטון,67
44,טלי גוטליב,63
44,איימן עודה,60
44,שרן מרים השכל,59
44,אביחי אברהם בוארון,56
44,אוהד טל,56
44,אריאל קלנר,55
44,חנוך דב מלביצקי,55
44,יבגני סובה,55
44,ששון ששי גואטה,53
44,יוסף עטאונה,52
44,יצחק קרויזר,52
44,אוריאל בוסו,51
44,בועז טופורובסקי,51
44,עאידה תומא סלימאן,50
44,מאיר כהן,49
44,אחמד טיבי,48
44,אפרת רייטן מרום,48
44,יוליה מלינובסקי,48
44,משה פסל,46
44,קטי קטרין שטרית,43
44,ניסים ואטורי,42
44,חוה אתי עטייה,40
44,משה סעדה,40
44,ירון לוי,39
44,בועז ביסמוט,35
44,שלי טל מירון,34
44,שרון ניר,33
44,אלמוג כהן,32
44,סימון דוידסון,30
44,יאסר חוג'יראת,23
44,עידית סילמן,23
44,אימאן ח'טיב יאסין,21
44,אלון שוסטר,20
44,דן אילוז,20
44,רם בן ברק,19
44,אורנה ברביבאי,18
44,אליהו ברוכי,18
44,דוד אמסלם,18
44,סימון מושיאשוילי,17
44,משה סולומון,16
44,ווליד טאהא,15
44,טטיאנה מזרסקי,15
44,עופר כסיף,15
44,ואליד אלהואשלה,12
44,משה רוט,12
44,אברהם בצלאל,11
44,מיכל שיר סגמן,11
44,גלית דיסטל אטבריאן,8
44,יואב קיש,7
44,מרב מיכאלי,7
44,אביגדור ליברמן,6
44,צבי ידידיה סוכות,6
44,יריב לוין,4
44,צגה מלקו,4
44,גדי איזנקוט,2
44,חילי טרופר,2
44,מישל בוסקילה,2
44,מנסור עבאס,1
44,מתן כהנא,1
44,עמיחי אליהו,1
44,עפיף עבד,1
44,שלמה קרעי,1
45,speaker_key,2217
45,דוד ביטן,577
45,שמחה רוטמן,566
45,יעקב אשר,414
45,גלעד קריב,372
45,משה גפני,255
45,יונתן מישרקי,199
45,פנינה תמנו,196
45,יצחק פינדרוס,192
45,ולדימיר בליאק,182
45,צביקה פוגל,182
45,ישראל אייכלר,164
45,מיקי לוי,162
45,שלום דנינו,158
45,ינון אזולאי,156
45,טלי גוטליב,141
45,אוריאל בוסו,136
45,נעמה לזימי,133
45,מיכאל מרדכי ביטון,122
45,נאור שירי,118
45,אליהו רביבו,109
45,יוסף טייב,108
45,עודד פורר,104
45,אורית פרקש הכהן,88
45,קארין אלהרר,87
45,משה סעדה,84
45,מירב בן ארי,82
45,אופיר כץ,79
45,משה פסל,79
45,מיכל מרים וולדיגר,75
45,רון כץ,75
45,חמד עמאר,72
45,לימור סון הר מלך,70
45,יוראי להב הרצנו,69
45,צבי ידידיה סוכות,65
45,עמית הלוי,64
45,זאב אלקין,63
45,יולי יואל אדלשטיין,55
45,יואב סגלוביץ',53
45,אלי דלל,51
45,אחמד טיבי,49
45,דן אילוז,49
45,יצחק קרויזר,47
45,מירב כהן,47
45,ארז מלול,46
45,משה סולומון,45
45,אלון שוסטר,39
45,יוליה מלינובסקי,38
45,אברהם בצלאל,37
45,סימון דוידסון,37
45,דבי ביטון,36
45,מטי צרפתי הרכבי,36
45,אלעזר שטרן,35
45,יאסר חוג'יראת,33
45,חנוך דב מלביצקי,32
45,יסמין פרידמן,32
45,משה טור פז,32
45,עאידה תומא סלימאן,32
45,אפרת רייטן מרום,31
45,אוהד טל,30
45,מיכל שיר סגמן,30
45,אביחי אברהם בוארון,28
45,אליהו ברוכי,27
45,שרון ניר,27
45,אימאן ח'טיב יאסין,25
45,אריאל קלנר,25
45,קטי קטרין שטרית,24
45,מאיר כהן,21
45,שרן מרים השכל,21
45,בועז טופורובסקי,20
45,ניסים ואטורי,20
45,שלי טל מירון,20
45,ווליד טאהא,19
45,יבגני סובה,19
45,רם בן ברק,18
45,אלמוג כהן,16
45,טטיאנה מזרסקי,15
45,בועז ביסמוט,14
45,שלמה קרעי,14
45,ששון ששי גואטה,14
45,חוה אתי עטייה,13
45,יוסף עטאונה,12
45,איימן עודה,10
45,ירון לוי,10
45,משה רוט,9
45,אורנה ברביבאי,8
45,עופר כסיף,8
45,צגה מלקו,7
45,מתן כהנא,6
45,ואליד אלהואשלה,5
45,סימון מושיאשוילי,5
45,אבי מעוז,4
45,גדי איזנקוט,4
45,גלית דיסטל אטבריאן,3
45,גדעון סער,2
45,יואב קיש,2
45,יפעת שאשא ביטון,2
45,מישל בוסקילה,2
45,עידן רול,2
45,עפיף עבד,2
45,דוד אמסלם,1
45,חיים ביטון,1
45,חילי טרופר,1
45,עידית סילמן,1
45,עמיחי אליהו,1
46,speaker_key,2707
46,שמחה רוטמן,731
46,דוד ביטן,587
46,יעקב אשר,469
46,משה גפני,434
46,ינון אזולאי,275
46,ישראל אייכלר,251
46,נאור שירי,247
46,גלעד קריב,225
46,יצחק פינדרוס,199
46,מיכאל מרדכי ביטון,190
46,נעמה לזימי,188
46,אופיר כץ,187
46,מיקי לוי,180
46,אליהו רביבו,179
46,פנינה תמנו,165
46,יונתן מישרקי,163
46,עודד פורר,155
46,יוסף טייב,145
46,אורית פרקש הכהן,139
46,צביקה פוגל,128
46,מירב בן ארי,125
46,ולדימיר בליאק,122
46,טלי גוטליב,116
46,שלום דנינו,110
46,יולי יואל אדלשטיין,108
46,יוראי להב הרצנו,102
46,קארין אלהרר,97
46,מיכל מרים וולדיגר,96
46,רון כץ,93
46,מירב כהן,90
46,לימור סון הר מלך,89
46,זאב אלקין,87
46,חוה אתי עטייה,86
46,משה טור פז,86
46,משה סעדה,86
46,יסמין פרידמן,84
46,מטי צרפתי הרכבי,80
46,אפרת רייטן מרום,72
46,עמית הלוי,68
46,דבי ביטון,65
46,ארז מלול,63
46,אלון שוסטר,61
46,קטי קטרין שטרית,59
46,חמד עמאר,57
46,יואב סגלוביץ',55
46,ניסים ואטורי,53
46,סימון דוידסון,52
46,אלעזר שטרן,49
46,אלי דלל,48
46,עאידה תומא סלימאן,47
46,ירון לוי,46
46,אוריאל בוסו,43
46,טטיאנה מזרסקי,42
46,משה פסל,41
46,צבי ידידיה סוכות,41
46,אליהו ברוכי,40
46,אברהם בצלאל,38
46,יצחק קרויזר,38
46,יוליה מלינובסקי,37
46,חנוך דב מלביצקי,36
46,מיכל שיר סגמן,36
46,יוסף עטאונה,34
46,בועז ביסמוט,32
46,יבגני סובה,32
46,אימאן ח'טיב יאסין,31
46,מאיר כהן,29
46,עופר כסיף,28
46,אביחי אברהם בוארון,27
46,אוהד טל,27
46,אריאל קלנר,27
46,יאסר חוג'יראת,27
46,איימן עודה,26
46,שלי טל מירון,26
46,שרן מרים השכל,25
46,ווליד טאהא,23
46,רם בן ברק,21
46,בועז טופורובסקי,20
46,שלמה קרעי,19
46,שרון ניר,19
46,משה סולומון,16
46,צגה מלקו,15
46,יואב קיש,14
46,אחמד טיבי,13
46,חילי טרופר,13
46,אלמוג כהן,12
46,מתן כהנא,11
46,ששון ששי גואטה,11
46,חיים ביטון,10
46,סימון מושיאשוילי,10
46,דן אילוז,9
46,גלית דיסטל אטבריאן,8
46,משה רוט,6
46,אביגדור ליברמן,5
46,אורנה ברביבאי,5
46,יפעת שאשא ביטון,5
46,ואליד אלהואשלה,4
46,מנסור עבאס,4
46,עמיחי אליהו,4
46,אריה מכלוף דרעי,3
46,מישל בוסקילה,3
46,משה ארבל,3
46,גדי איזנקוט,2
46,גדעון סער,2
46,דוד אמסלם,2
46,יעקב מרגי,2
46,מרב מיכאלי,2
46,עידית סילמן,2
46,אושר שקלים,1
46,איתן גינזבורג,1
46,אמיר אוחנה,1
46,יריב לוין,1
46,מאיר פרוש,1
46,עדי עזוז,1
46,עידן רול,1
46,עפיף עבד,1
47,speaker_key,1426
47,שמחה רוטמן,337
47,משה גפני,310
47,דוד ביטן,306
47,יעקב אשר,291
47,יצחק פינדרוס,277
47,נעמה לזימי,271
47,אוריאל בוסו,211
47,מיכאל מרדכי ביטון,171
47,גלעד קריב,128
47,מיקי לוי,128
47,יוראי להב הרצנו,126
47,ינון אזולאי,94
47,עודד פורר,93
47,יוליה מלינובסקי,88
47,סימון דוידסון,82
47,יונתן מישרקי,77
47,משה סעדה,74
47,ישראל אייכלר,73
47,פנינה תמנו,66
47,יולי יואל אדלשטיין,65
47,קארין אלהרר,64
47,יוסף טייב,61
47,שלמה קרעי,61
47,טלי גוטליב,59
47,ולדימיר בליאק,57
47,יסמין פרידמן,55
47,עאידה תומא סלימאן,55
47,יואב סגלוביץ',54
47,לימור סון הר מלך,51
47,משה סולומון,49
47,יואב קיש,46
47,אופיר כץ,45
47,אחמד טיבי,41
47,ארז מלול,41
47,שרון ניר,41
47,אלעזר שטרן,40
47,אברהם בצלאל,39
47,נאור שירי,38
47,משה טור פז,37
47,אריאל קלנר,35
47,אורית פרקש הכהן,34
47,מירב בן ארי,34
47,מנסור עבאס,31
47,צביקה פוגל,30
47,שלום דנינו,30
47,אלמוג כהן,29
47,שרן מרים השכל,29
47,אלי דלל,27
47,אליהו רביבו,27
47,טטיאנה מזרסקי,27
47,משה ארבל,26
47,עמית הלוי,26
47,חנוך דב מלביצקי,25
47,מאיר כהן,25
47,חמד עמאר,24
47,אביחי אברהם בוארון,21
47,מטי צרפתי הרכבי,21
47,אפרת רייטן מרום,20
47,שלי טל מירון,20
47,יוסף עטאונה,19
47,ניסים ואטורי,18
47,רם בן ברק,18
47,מיכל מרים וולדיגר,17
47,מירב כהן,17
47,צבי ידידיה סוכות,16
47,קטי קטרין שטרית,16
47,אלון שוסטר,11
47,יבגני סובה,11
47,ששון ששי גואטה,11
47,זאב אלקין,10
47,יצחק קרויזר,10
47,אוהד טל,9
47,ירון לוי,8
47,עופר כסיף,8
47,צגה מלקו,8
47,רון כץ,8
47,אימאן ח'טיב יאסין,7
47,אליהו ברוכי,7
47,ואליד אלהואשלה,7
47,יאסר חוג'יראת,7
47,עידן רול,7
47,אורנה ברביבאי,6
47,ווליד טאהא,6
47,יפעת שאשא ביטון,6
47,בועז ביסמוט,5
47,דבי ביטון,5
47,דן אילוז,5
47,חוה אתי עטייה,5
47,גלית דיסטל אטבריאן,4
47,חילי טרופר,4
47,אופיר סופר,3
47,אורי מקלב,3
47,איימן עודה,3
47,גדי איזנקוט,3
47,משה רוט,3
47,מתן כהנא,3
47,מיכל שיר סגמן,2
47,דוד אמסלם,1
47,מרב מיכאלי,1
47,משה פסל,1
47,סימון מושיאשוילי,1
47,עמיחי אליהו,1
48,speaker_key,3956
48,שמחה רוטמן,1206
48,דוד ביטן,927
48,יעקב אשר,705
48,משה גפני,669
48,ינון אזולאי,443
48,נאור שירי,398
48,גלעד קריב,384
48,מיכאל מרדכי ביטון,370
48,אופיר כץ,368
48,יוסף טייב,346
48,ישראל אייכלר,318
48,נעמה לזימי,307
48,עודד פורר,300
48,פנינה תמנו,284
48,צביקה פוגל,270
48,יונתן מישרקי,260
48,יצחק פינדרוס,239
48,אליהו רביבו,222
48,ולדימיר בליאק,210
48,מיקי לוי,208
48,טלי גוטליב,181
48,יולי יואל אדלשטיין,181
48,אורית פרקש הכהן,161
48,לימור סון הר מלך,154
48,יוראי להב הרצנו,148
48,זאב אלקין,140
48,קארין אלהרר,134
48,משה סעדה,130
48,יסמין פרידמן,128
48,אלי דלל,124
48,עמית הלוי,120
48,חמד עמאר,119
48,סימון דוידסון,116
48,מירב בן ארי,113
48,אוריאל בוסו,105
48,צבי ידידיה סוכות,104
48,אפרת רייטן מרום,98
48,שלום דנינו,94
48,ארז מלול,93
48,מיכל מרים וולדיגר,93
48,חוה אתי עטייה,91
48,רון כץ,89
48,מירב כהן,87
48,מטי צרפתי הרכבי,86
48,יואב סגלוביץ',84
48,דבי ביטון,80
48,משה טור פז,75
48,שלמה קרעי,73
48,אלון שוסטר,71
48,יוליה מלינובסקי,69
48,ניסים ואטורי,69
48,חנוך דב מלביצקי,68
48,שרון ניר,64
48,מאיר כהן,63
48,קטי קטרין שטרית,62
48,יצחק קרויזר,60
48,עאידה תומא סלימאן,60
48,יואב קיש,59
48,אברהם בצלאל,58
48,שרן מרים השכל,55
48,אביחי אברהם בוארון,53
48,אלעזר שטרן,52
48,יבגני סובה,52
48,אוהד טל,51
48,אריאל קלנר,51
48,יוסף עטאונה,50
48,משה פסל,47
48,גלית דיסטל אטבריאן,45
48,טטיאנה מזרסקי,45
48,אימאן ח'טיב יאסין,44
48,עופר כסיף,41
48,רם בן ברק,38
48,שלי טל מירון,38
48,מיכל שיר סגמן,37
48,בועז ביסמוט,36
48,אחמד טיבי,30
48,אליהו ברוכי,30
48,עידן רול,30
48,יאסר חוג'יראת,29
48,צגה מלקו,29
48,איימן עודה,28
48,בועז טופורובסקי,27
48,ווליד טאהא,26
48,אלמוג כהן,22
48,ירון לוי,22
48,מתן כהנא,21
48,ואליד אלהואשלה,19
48,משה סולומון,19
48,סימון מושיאשוילי,16
48,דן אילוז,15
48,ששון ששי גואטה,15
48,יפעת שאשא ביטון,14
48,מרב מיכאלי,14
48,משה רוט,14
48,חילי טרופר,13
48,עמיחי אליהו,12
48,משה ארבל,11
48,אורנה ברביבאי,8
48,יואב גלנט,7
48,עידית סילמן,6
48,גדעון סער,5
48,אריה מכלוף דרעי,4
48,חיים ביטון,4
48,יעל רון בן משה,4
48,מישל בוסקילה,3
48,מנסור עבאס,3
48,אביגדור ליברמן,2
48,איתן גינזבורג,2
48,גדי איזנקוט,2
48,אורי מקלב,1
48,אלי כהן,1
48,בנימין נתניהו,1
48,יעקב מרגי,1
48,יריב לוין,1
48,מיכאל מלכיאלי,1
48,עפיף עבד,1
49,speaker_key,3505
49,שמחה רוטמן,1172
49,דוד ביטן,967
49,יעקב אשר,539
49,משה גפני,417
49,גלעד קריב,362
49,אליהו רביבו,326
49,ישראל אייכלר,309
49,נאור שירי,299
49,פנינה תמנו,276
49,יונתן מישרקי,268
49,אופיר כץ,262
49,ינון אזולאי,253
49,נעמה לזימי,250
49,ולדימיר בליאק,247
49,עודד פורר,237
49,יוסף טייב,226
49,טלי גוטליב,220
49,מיקי לוי,214
49,מיכאל מרדכי ביטון,206
49,יצחק פינדרוס,204
49,זאב אלקין,182
49,משה סעדה,175
49,צביקה פוגל,174
49,קארין אלהרר,143
49,לימור סון הר מלך,138
49,יוראי להב הרצנו,122
49,מירב בן ארי,120
49,שלום דנינו,119
49,בועז טופורובסקי,115
49,עמית הלוי,108
49,מטי צרפתי הרכבי,104
49,מירב כהן,103
49,יואב סגלוביץ',99
49,סימון דוידסון,93
49,קטי קטרין שטרית,91
49,אברהם בצלאל,89
49,חמד עמאר,89
49,אורית פרקש הכהן,81
49,יוליה מלינובסקי,78
49,צבי ידידיה סוכות,77
49,מיכל מרים וולדיגר,76
49,משה טור פז,75
49,דבי ביטון,74
49,יסמין פרידמן,74
49,אלי דלל,73
49,משה סולומון,73
49,חנוך דב מלביצקי,72
49,יבגני סובה,70
49,אפרת רייטן מרום,66
49,יולי יואל אדלשטיין,66
49,רון כץ,66
49,ארז מלול,65
49,עופר כסיף,63
49,אוריאל בוסו,59
49,אלון שוסטר,55
49,עאידה תומא סלימאן,55
49,ניסים ואטורי,53
49,אוהד טל,49
49,אלעזר שטרן,49
49,מאיר כהן,49
49,חוה אתי עטייה,46
49,אלמוג כהן,45
49,ירון לוי,40
49,שרון ניר,40
49,שלי טל מירון,38
49,אביחי אברהם בוארון,36
49,אחמד טיבי,35
49,יצחק קרויזר,35
49,יוסף עטאונה,33
49,איימן עודה,32
49,אליהו ברוכי,32
49,יאסר חוג'יראת,31
49,משה פסל,31
49,בועז ביסמוט,30
49,טטיאנה מזרסקי,30
49,מיכל שיר סגמן,30
49,שלמה קרעי,30
49,ששון ששי גואטה,26
49,אריאל קלנר,24
49,שרן מרים השכל,24
49,יואב קיש,23
49,דן אילוז,21
49,אימאן ח'טיב יאסין,20
49,אורנה ברביבאי,19
49,מתן כהנא,17
49,רם בן ברק,15
49,אביגדור ליברמן,12
49,ווליד טאהא,12
49,צגה מלקו,12
49,ואליד אלהואשלה,9
49,סימון מושיאשוילי,9
49,מרב מיכאלי,8
49,משה רוט,7
49,יפעת שאשא ביטון,6
49,איתן גינזבורג,5
49,עמיחי אליהו,5
49,גדעון סער,4
49,אופיר סופר,3
49,גלית דיסטל אטבריאן,3
49,מישל בוסקילה,3
49,מנסור עבאס,3
49,איתמר בן גביר,2
49,דוד אמסלם,2
49,אלי כהן,1
49,חיים ביטון,1
49,חילי טרופר,1
49,עידן רול,1
50,speaker_key,3154
50,שמחה רוטמן,732
50,דוד ביטן,621
50,יעקב אשר,581
50,משה גפני,323
50,גלעד קריב,297
50,נאור שירי,275
50,ינון אזולאי,232
50,מיכאל מרדכי ביטון,222
50,צביקה פוגל,214
50,ישראל אייכלר,209
50,יוסף טייב,185
50,נעמה לזימי,185
50,יצחק פינדרוס,178
50,יונתן מישרקי,170
50,זאב אלקין,163
50,אליהו רביבו,157
50,ולדימיר בליאק,149
50,אלי דלל,148
50,אופיר כץ,145
50,פנינה תמנו,142
50,עמית הלוי,141
50,עודד פורר,138
50,טלי גוטליב,120
50,קארין אלהרר,120
50,מיקי לוי,118
50,מטי צרפתי הרכבי,109
50,לימור סון הר מלך,101
50,סימון דוידסון,97
50,מירב בן ארי,90
50,ארז מלול,88
50,חמד עמאר,88
50,אורית פרקש הכהן,85
50,יוראי להב הרצנו,81
50,יואב סגלוביץ',76
50,יולי יואל אדלשטיין,76
50,יסמין פרידמן,76
50,מירב כהן,76
50,דבי ביטון,75
50,אוריאל בוסו,71
50,משה סעדה,71
50,עאידה תומא סלימאן,69
50,אפרת רייטן מרום,67
50,אלון שוסטר,65
50,ירון לוי,58
50,מיכל מרים וולדיגר,58
50,שלום דנינו,57
50,חנוך דב מלביצקי,56
50,יוליה מלינובסקי,53
50,אלעזר שטרן,51
50,משה טור פז,51
50,קטי קטרין שטרית,47
50,מאיר כהן,46
50,צבי ידידיה סוכות,46
50,אברהם בצלאל,42
50,יאסר חוג'יראת,42
50,משה פסל,42
50,אחמד טיבי,39
50,רון כץ,38
50,אלמוג כהן,36
50,יבגני סובה,33
50,עופר כסיף,31
50,רם בן ברק,31
50,שרון ניר,31
50,אוהד טל,30
50,דן אילוז,30
50,ניסים ואטורי,29
50,יוסף עטאונה,28
50,משה סולומון,28
50,שלי טל מירון,27
50,אריאל קלנר,20
50,חוה אתי עטייה,20
50,מתן כהנא,20
50,יצחק קרויזר,19
50,שלמה קרעי,19
50,אימאן ח'טיב יאסין,18
50,מיכל שיר סגמן,18
50,בועז ביסמוט,16
50,יואב קיש,16
50,שרן מרים השכל,16
50,אליהו ברוכי,15
50,טטיאנה מזרסקי,15
50,אביחי אברהם בוארון,14
50,ווליד טאהא,14
50,משה רוט,13
50,אורנה ברביבאי,11
50,גלית דיסטל אטבריאן,11
50,ששון ששי גואטה,11
50,חילי טרופר,10
50,איימן עודה,9
50,ואליד אלהואשלה,9
50,מרב מיכאלי,9
50,בועז טופורובסקי,8
50,מנסור עבאס,7
50,אביגדור ליברמן,6
50,גדעון סער,6
50,עמיחי אליהו,6
50,צגה מלקו,6
50,יפעת שאשא ביטון,5
50,סימון מושיאשוילי,5
50,מישל בוסקילה,4
50,עידן רול,4
50,איתמר בן גביר,3
50,איתן גינזבורג,2
50,משה ארבל,2
50,בנימין גנץ,1
50,גדי איזנקוט,1
50,דוד אמסלם,1
50,חיים ביטון,1
50,יעל רון בן משה,1
50,יצחק גולדקנופ,1
50,עידית סילמן,1
51,speaker_key,6011
51,שמחה רוטמן,2219
51,דוד ביטן,1590
51,יעקב אשר,797
51,ינון אזולאי,700
51,צביקה פוגל,621
51,יצחק פינדרוס,550
51,גלעד קריב,529
51,אופיר כץ,511
51,משה גפני,492
51,מיקי לוי,481
51,ישראל אייכלר,452
51,יולי יואל אדלשטיין,448
51,שלום דנינו,423
51,נעמה לזימי,419
51,נאור שירי,414
51,פנינה תמנו,376
51,טלי גוטליב,365
51,ולדימיר בליאק,337
51,עודד פורר,324
51,מיכאל מרדכי ביטון,318
51,קארין אלהרר,304
51,משה סעדה,301
51,מטי צרפתי הרכבי,290
51,יונתן מישרקי,263
51,מירב בן ארי,254
51,אלעזר שטרן,197
51,אליהו רביבו,188
51,מירב כהן,181
51,מיכל מרים וולדיגר,168
51,רון כץ,163
51,אלי דלל,153
51,יואב סגלוביץ',149
51,ארז מלול,145
51,חוה אתי עטייה,134
51,יוסף טייב,127
51,אורית פרקש הכהן,124
51,יוראי להב הרצנו,121
51,משה פסל,113
51,עמית הלוי,111
51,זאב אלקין,109
51,בועז ביסמוט,105
51,אלון שוסטר,102
51,לימור סון הר מלך,100
51,בועז טופורובסקי,98
51,טטיאנה מזרסקי,90
51,קטי קטרין שטרית,89
51,אברהם בצלאל,87
51,אוהד טל,87
51,חנוך דב מלביצקי,86
51,ירון לוי,86
51,מאיר כהן,81
51,שרן מרים השכל,78
51,חמד עמאר,76
51,אפרת רייטן מרום,73
51,אחמד טיבי,70
51,אריאל קלנר,70
51,ניסים ואטורי,70
51,עאידה תומא סלימאן,69
51,אוריאל בוסו,67
51,משה טור פז,66
51,עופר כסיף,66
51,יצחק קרויזר,65
51,דבי ביטון,64
51,יאסר חוג'יראת,54
51,דן אילוז,53
51,סימון דוידסון,53
51,אימאן ח'טיב יאסין,48
51,יבגני סובה,48
51,אורנה ברביבאי,47
51,יסמין פרידמן,45
51,יוסף עטאונה,43
51,שלי טל מירון,42
51,איימן עודה,40
51,משה סולומון,38
51,יוליה מלינובסקי,35
51,מתן כהנא,30
51,צבי ידידיה סוכות,30
51,רם בן ברק,27
51,ששון ששי גואטה,27
51,צגה מלקו,23
51,גלית דיסטל אטבריאן,20
51,אביגדור ליברמן,19
51,גדי איזנקוט,19
51,שרון ניר,18
51,אליהו ברוכי,17
51,סימון מושיאשוילי,16
51,ואליד אלהואשלה,15
51,אלמוג כהן,14
51,חילי טרופר,14
51,אביחי אברהם בוארון,12
51,איתן גינזבורג,8
51,גדעון סער,6
51,מיכל שיר סגמן,6
51,עידן רול,5
51,ווליד טאהא,4
51,יואב קיש,4
51,יפעת שאשא ביטון,4
51,מרב מיכאלי,4
51,משה רוט,4
51,אמיר אוחנה,3
51,מנסור עבאס,3
51,עמיחי אליהו,3
51,שלמה קרעי,3
51,איתמר בן גביר,2
51,עפיף עבד,2
51,בנימין גנץ,1
51,יואב גלנט,1
51,יעקב מרגי,1
51,יצחק שמעון וסרלאוף,1
51,מישל בוסקילה,1
51,משה ארבל,1
51,עדי עזוז,1
52,speaker_key,4343
52,שמחה רוטמן,1182
52,דוד ביטן,975
52,יעקב אשר,891
52,משה גפני,500
52,גלעד קריב,480
52,יונתן מישרקי,375
52,פנינה תמנו,345
52,נעמה לזימי,333
52,ישראל אייכלר,331
52,צביקה פוגל,321
52,ינון אזולאי,309
52,נאור שירי,293
52,מיכאל מרדכי ביטון,288
52,אופיר כץ,278
52,יוסף טייב,265
52,יצחק פינדרוס,259
52,מיקי לוי,245
52,אליהו רביבו,240
52,קארין אלהרר,221
52,טלי גוטליב,203
52,עודד פורר,203
52,ולדימיר בליאק,193
52,עמית הלוי,176
52,לימור סון הר מלך,171
52,זאב אלקין,169
52,שלום דנינו,165
52,אברהם בצלאל,154
52,יוראי להב הרצנו,145
52,אלי דלל,144
52,מירב כהן,132
52,מירב בן ארי,129
52,יולי יואל אדלשטיין,128
52,חמד עמאר,116
52,ארז מלול,115
52,צבי ידידיה סוכות,111
52,אפרת רייטן מרום,107
52,יסמין פרידמן,107
52,מטי צרפתי הרכבי,105
52,מיכל מרים וולדיגר,105
52,אורית פרקש הכהן,99
52,סימון דוידסון,94
52,חנוך דב מלביצקי,92
52,יואב סגלוביץ',90
52,אוריאל בוסו,87
52,דבי ביטון,83
52,אלון שוסטר,80
52,שלמה קרעי,79
52,שלי טל מירון,77
52,משה סעדה,76
52,משה טור פז,71
52,ניסים ואטורי,69
52,רון כץ,69
52,יואב קיש,67
52,עאידה תומא סלימאן,65
52,אוהד טל,63
52,קטי קטרין שטרית,63
52,יוליה מלינובסקי,62
52,יבגני סובה,59
52,משה פסל,58
52,אלעזר שטרן,55
52,חוה אתי עטייה,54
52,יצחק קרויזר,54
52,אחמד טיבי,51
52,טטיאנה מזרסקי,49
52,משה סולומון,47
52,איימן עודה,46
52,אימאן ח'טיב יאסין,45
52,בועז ביסמוט,43
52,יאסר חוג'יראת,43
52,אורנה ברביבאי,42
52,אליהו ברוכי,41
52,מיכל שיר סגמן,41
52,שרון ניר,41
52,יוסף עטאונה,40
52,אלמוג כהן,39
52,אביחי אברהם בוארון,38
52,שרן מרים השכל,37
52,ששון ששי גואטה,36
52,ווליד טאהא,34
52,מאיר כהן,33
52,בועז טופורובסקי,30
52,אריאל קלנר,29
52,ירון לוי,28
52,עופר כסיף,28
52,צגה מלקו,27
52,דן אילוז,21
52,רם בן ברק,20
52,יפעת שאשא ביטון,16
52,סימון מושיאשוילי,16
52,מתן כהנא,12
52,משה רוט,11
52,גלית דיסטל אטבריאן,10
52,חילי טרופר,10
52,מרב מיכאלי,10
52,עידן רול,10
52,אביגדור ליברמן,9
52,ואליד אלהואשלה,9
52,דוד אמסלם,8
52,משה אבוטבול,6
52,משה ארבל,6
52,עמיחי אליהו,5
52,מישל בוסקילה,4
52,מנסור עבאס,4
52,אבי מעוז,3
52,איתן גינזבורג,3
52,גדעון סער,3
52,גדי איזנקוט,2
52,יאיר לפיד,2
52,יצחק גולדקנופ,2
52,אופיר סופר,1
52,איתמר בן גביר,1
52,יצחק שמעון וסרלאוף,1
52,יריב לוין,1
52,מיכאל מלכיאלי,1
53,speaker_key,2975
53,שמחה רוטמן,808
53,דוד ביטן,728
53,יעקב אשר,583
53,משה גפני,365
53,גלעד קריב,303
53,נאור שירי,251
53,מיכאל מרדכי ביטון,233
53,ינון אזולאי,232
53,נעמה לזימי,221
53,צביקה פוגל,214
53,אופיר כץ,211
53,אליהו רביבו,210
53,יונתן מישרקי,199
53,ישראל אייכלר,199
53,יוסף טייב,191
53,יצחק פינדרוס,187
53,עודד פורר,182
53,פנינה תמנו,182
53,ולדימיר בליאק,161
53,מיקי לוי,157
53,טלי גוטליב,141
53,מירב בן ארי,131
53,לימור סון הר מלך,128
53,שלום דנינו,121
53,עמית הלוי,116
53,קארין אלהרר,114
53,זאב אלקין,112
53,מטי צרפתי הרכבי,102
53,אלי דלל,93
53,יולי יואל אדלשטיין,92
53,ארז מלול,88
53,יוראי להב הרצנו,87
53,יסמין פרידמן,86
53,קטי קטרין שטרית,83
53,אפרת רייטן מרום,82
53,אורית פרקש הכהן,81
53,מירב כהן,80
53,משה סעדה,74
53,רון כץ,74
53,דבי ביטון,70
53,משה טור פז,67
53,סימון דוידסון,66
53,אלון שוסטר,60
53,יואב קיש,59
53,אוריאל בוסו,55
53,מיכל מרים וולדיגר,53
53,חמד עמאר,51
53,יואב סגלוביץ',50
53,יוליה מלינובסקי,50
53,חנוך דב מלביצקי,49
53,משה פסל,47
53,עאידה תומא סלימאן,46
53,יצחק קרויזר,45
53,אברהם בצלאל,44
53,אלעזר שטרן,43
53,אוהד טל,42
53,אביחי אברהם בוארון,41
53,חוה אתי עטייה,39
53,צבי ידידיה סוכות,39
53,שלמה קרעי,35
53,יאסר חוג'יראת,34
53,שלי טל מירון,34
53,יבגני סובה,32
53,שרן מרים השכל,31
53,שרון ניר,30
53,אריאל קלנר,29
53,ירון לוי,29
53,ניסים ואטורי,29
53,אלמוג כהן,28
53,משה סולומון,28
53,טטיאנה מזרסקי,27
53,אחמד טיבי,26
53,אליהו ברוכי,26
53,ששון ששי גואטה,26
53,בועז ביסמוט,25
53,בועז טופורובסקי,25
53,עופר כסיף,25
53,מאיר כהן,24
53,גלית דיסטל אטבריאן,23
53,יוסף עטאונה,22
53,אימאן ח'טיב יאסין,20
53,מיכל שיר סגמן,20
53,עידן רול,17
53,דן אילוז,15
53,רם בן ברק,15
53,ווליד טאהא,14
53,איימן עודה,13
53,מתן כהנא,13
53,ואליד אלהואשלה,12
53,עמיחי אליהו,12
53,צגה מלקו,12
53,סימון מושיאשוילי,9
53,חילי טרופר,8
53,משה ארבל,7
53,אורנה ברביבאי,6
53,יואב בן צור,5
53,מישל בוסקילה,5
53,מנסור עבאס,5
53,מרב מיכאלי,5
53,משה רוט,5
53,גדעון סער,4
53,גדי איזנקוט,3
53,דוד אמסלם,3
53,חיים ביטון,3
53,עידית סילמן,3
53,עמיחי שיקלי,3
53,מאיר פרוש,2
53,אבי מעוז,1
53,אביגדור ליברמן,1
53,איתמר בן גביר,1
53,אריה מכלוף דרעי,1
53,גילה גמליאל,1
53,יעל רון בן משה,1
53,יעקב מרגי,1
53,יפעת שאשא ביטון,1
53,יריב לוין,1
54,speaker_key,1816
54,שמחה רוטמן,1468
54,דוד ביטן,398
54,משה גפני,349
54,יעקב אשר,258
54,יוסף טייב,255
54,ישראל אייכלר,237
54,ינון אזולאי,210
54,נאור שירי,183
54,גלעד קריב,170
54,מיכאל מרדכי ביטון,168
54,עודד פורר,132
54,אליהו רביבו,117
54,ולדימיר בליאק,115
54,אפרת רייטן מרום,109
54,פנינה תמנו,102
54,אריאל קלנר,94
54,אלי דלל,88
54,עופר כסיף,87
54,אופיר כץ,83
54,אוריאל בוסו,79
54,ארז מלול,76
54,קארין אלהרר,73
54,אורית פרקש הכהן,63
54,יוליה מלינובסקי,62
54,מירב כהן,60
54,עמית הלוי,60
54,יצחק פינדרוס,57
54,צביקה פוגל,57
54,חמד עמאר,53
54,דבי ביטון,51
54,משה סעדה,49
54,נעמה לזימי,49
54,אלון שוסטר,48
54,מירב בן ארי,48
54,חנוך דב מלביצקי,47
54,יואב סגלוביץ',47
54,מטי צרפתי הרכבי,43
54,טלי גוטליב,42
54,יוראי להב הרצנו,42
54,גדעון סער,34
54,לימור סון הר מלך,32
54,ניסים ואטורי,32
54,זאב אלקין,28
54,מיקי לוי,27
54,צבי ידידיה סוכות,27
54,יסמין פרידמן,25
54,רון כץ,24
54,משה טור פז,23
54,סימון דוידסון,23
54,עאידה תומא סלימאן,22
54,קטי קטרין שטרית,22
54,שלום דנינו,22
54,אחמד טיבי,21
54,מאיר כהן,19
54,חוה אתי עטייה,18
54,יונתן מישרקי,18
54,מיכל מרים וולדיגר,18
54,משה סולומון,16
54,אלמוג כהן,15
54,צגה מלקו,15
54,בועז טופורובסקי,14
54,יולי יואל אדלשטיין,14
54,בועז ביסמוט,12
54,אוהד טל,11
54,טטיאנה מזרסקי,10
54,יוסף עטאונה,10
54,מיכל שיר סגמן,10
54,יבגני סובה,9
54,שלי טל מירון,9
54,איתן גינזבורג,8
54,שלמה קרעי,8
54,יצחק קרויזר,7
54,משה פסל,7
54,אברהם בצלאל,6
54,איימן עודה,6
54,אלעזר שטרן,6
54,גלית דיסטל אטבריאן,6
54,יאסר חוג'יראת,6
54,ירון לוי,6
54,אליהו ברוכי,5
54,דן אילוז,4
54,שרון ניר,4
54,גדי איזנקוט,3
54,ווליד טאהא,3
54,מרב מיכאלי,3
54,רם בן ברק,3
54,אביחי אברהם בוארון,2
54,אימאן ח'טיב יאסין,2
54,דוד אמסלם,2
54,ניר ברקת,2
54,סימון מושיאשוילי,2
54,עידן רול,2
54,ששון ששי גואטה,2
54,אורנה ברביבאי,1
54,גילה גמליאל,1
54,ואליד אלהואשלה,1
54,חילי טרופר,1
54,יצחק גולדקנופ,1
54,שרן מרים השכל,1
55,speaker_key,3918
55,שמחה רוטמן,1566
55,דוד ביטן,1238
55,יעקב אשר,935
55,משה גפני,571
55,אופיר כץ,480
55,גלעד קריב,465
55,נאור שירי,391
55,ינון אזולאי,360
55,יצחק פינדרוס,359
55,מיכאל מרדכי ביטון,307
55,ישראל אייכלר,305
55,יוסף טייב,303
55,זאב אלקין,301
55,אליהו רביבו,296
55,פנינה תמנו,277
55,צביקה פוגל,273
55,עודד פורר,261
55,נעמה לזימי,254
55,יונתן מישרקי,231
55,ולדימיר בליאק,229
55,מירב בן ארי,229
55,מיקי לוי,222
55,מטי צרפתי הרכבי,219
55,טלי גוטליב,212
55,יוראי להב הרצנו,212
55,סימון דוידסון,187
55,שלום דנינו,182
55,אפרת רייטן מרום,165
55,קארין אלהרר,161
55,רון כץ,145
55,אוהד טל,143
55,יסמין פרידמן,140
55,אורית פרקש הכהן,135
55,אלי דלל,129
55,יואב סגלוביץ',129
55,משה סעדה,129
55,לימור סון הר מלך,119
55,עמית הלוי,112
55,חנוך דב מלביצקי,104
55,עאידה תומא סלימאן,100
55,אוריאל בוסו,97
55,מירב כהן,97
55,חמד עמאר,95
55,מיכל מרים וולדיגר,93
55,ארז מלול,92
55,יולי יואל אדלשטיין,91
55,איתמר בן גביר,90
55,משה טור פז,89
55,חוה אתי עטייה,87
55,עופר כסיף,87
55,צבי ידידיה סוכות,83
55,יואב קיש,81
55,אברהם בצלאל,79
55,אלון שוסטר,77
55,אלעזר שטרן,75
55,שרן מרים השכל,75
55,ניסים ואטורי,73
55,יצחק קרויזר,71
55,שלמה קרעי,71
55,משה סולומון,68
55,דבי ביטון,62
55,שלי טל מירון,62
55,יוליה מלינובסקי,55
55,שרון ניר,54
55,קטי קטרין שטרית,53
55,מאיר כהן,52
55,אימאן ח'טיב יאסין,50
55,משה ארבל,49
55,אחמד טיבי,48
55,בועז טופורובסקי,46
55,יבגני סובה,46
55,יוסף עטאונה,46
55,משה פסל,43
55,אורנה ברביבאי,41
55,טטיאנה מזרסקי,40
55,מיכל שיר סגמן,39
55,איימן עודה,37
55,יאסר חוג'יראת,37
55,אריאל קלנר,36
55,בועז ביסמוט,36
55,מתן כהנא,33
55,אלמוג כהן,32
55,אליהו ברוכי,30
55,רם בן ברק,28
55,ירון לוי,27
55,גלית דיסטל אטבריאן,23
55,צגה מלקו,21
55,אביחי אברהם בוארון,20
55,ואליד אלהואשלה,18
55,ששון ששי גואטה,18
55,דן אילוז,13
55,מישל בוסקילה,13
55,עידן רול,13
55,מרב מיכאלי,12
55,אביגדור ליברמן,11
55,ווליד טאהא,11
55,סימון מושיאשוילי,11
55,דוד אמסלם,8
55,מנסור עבאס,8
55,עמיחי אליהו,8
55,חיים ביטון,7
55,יפעת שאשא ביטון,7
55,גדי איזנקוט,6
55,חילי טרופר,4
55,משה רוט,3
55,אריה מכלוף דרעי,2
55,גדעון סער,2
55,מיכאל מלכיאלי,2
55,אבי דיכטר,1
55,אופיר סופר,1
55,בנימין גנץ,1
56,speaker_key,3116
56,שמחה רוטמן,762
56,יעקב אשר,710
56,דוד ביטן,656
56,מיכאל מרדכי ביטון,441
56,גלעד קריב,412
56,משה גפני,373
56,יוסף טייב,322
56,אופיר כץ,278
56,צביקה פוגל,247
56,נאור שירי,224
56,ישראל אייכלר,202
56,עודד פורר,188
56,מירב בן ארי,187
56,פנינה תמנו,187
56,ולדימיר בליאק,176
56,שלמה קרעי,174
56,יונתן מישרקי,168
56,קארין אלהרר,164
56,אלי דלל,162
56,יצחק פינדרוס,152
56,מיכל מרים וולדיגר,143
56,מיקי לוי,143
56,ינון אזולאי,137
56,אליהו רביבו,130
56,נעמה לזימי,122
56,יולי יואל אדלשטיין,120
56,זאב אלקין,117
56,יוראי להב הרצנו,116
56,יואב סגלוביץ',115
56,יסמין פרידמן,111
56,ארז מלול,100
56,יוליה מלינובסקי,92
56,לימור סון הר מלך,89
56,שלום דנינו,87
56,סימון דוידסון,82
56,טלי גוטליב,81
56,צבי ידידיה סוכות,77
56,עמית הלוי,75
56,דבי ביטון,74
56,אוריאל בוסו,73
56,אלעזר שטרן,72
56,אפרת רייטן מרום,72
56,משה סעדה,68
56,משה טור פז,66
56,רון כץ,66
56,אלון שוסטר,61
56,יבגני סובה,56
56,קטי קטרין שטרית,55
56,מאיר כהן,53
56,יצחק קרויזר,52
56,אורית פרקש הכהן,50
56,מתן כהנא,50
56,חמד עמאר,48
56,אברהם בצלאל,47
56,אליהו ברוכי,47
56,חוה אתי עטייה,43
56,אורנה ברביבאי,40
56,חנוך דב מלביצקי,39
56,מטי צרפתי הרכבי,39
56,דוד אמסלם,36
56,אלמוג כהן,34
56,אימאן ח'טיב יאסין,33
56,צגה מלקו,33
56,שלי טל מירון,31
56,משה סולומון,30
56,טטיאנה מזרסקי,28
56,מירב כהן,28
56,יוסף עטאונה,26
56,משה פסל,26
56,אחמד טיבי,24
56,שרון ניר,24
56,יואב קיש,23
56,ניסים ואטורי,23
56,עאידה תומא סלימאן,23
56,עופר כסיף,23
56,ירון לוי,22
56,מיכל שיר סגמן,22
56,שרן מרים השכל,21
56,אביחי אברהם בוארון,19
56,ששון ששי גואטה,19
56,משה ארבל,18
56,דן אילוז,17
56,אוהד טל,16
56,סימון מושיאשוילי,16
56,יאסר חוג'יראת,14
56,אריאל קלנר,12
56,בועז ביסמוט,11
56,יפעת שאשא ביטון,10
56,מנסור עבאס,9
56,רם בן ברק,9
56,אביגדור ליברמן,8
56,איימן עודה,8
56,גלית דיסטל אטבריאן,7
56,חילי טרופר,7
56,בועז טופורובסקי,5
56,מרב מיכאלי,5
56,ואליד אלהואשלה,4
56,ווליד טאהא,4
56,מישל בוסקילה,3
56,משה רוט,3
56,גדעון סער,2
56,דני דנון,2
56,עידן רול,2
56,אריה מכלוף דרעי,1
56,בנימין נתניהו,1
56,גדי איזנקוט,1
56,יאיר לפיד,1
56,יעל רון בן משה,1
56,יצחק שמעון וסרלאוף,1
56,יריב לוין,1
56,מאיר פרוש,1
56,עמיחי אליהו,1
57,speaker_key,1861
57,שמחה רוטמן,496
57,דוד ביטן,327
57,משה גפני,305
57,יעקב אשר,247
57,נעמה לזימי,223
57,ישראל אייכלר,221
57,יונתן מישרקי,201
57,נאור שירי,163
57,יוסף טייב,155
57,ינון אזולאי,145
57,אליהו רביבו,141
57,אופיר כץ,140
57,צבי ידידיה סוכות,111
57,יצחק פינדרוס,110
57,יוראי להב הרצנו,103
57,מיכאל מרדכי ביטון,98
57,מיכל מרים וולדיגר,86
57,מיקי לוי,82
57,גלעד קריב,72
57,לימור סון הר מלך,72
57,אוריאל בוסו,71
57,מירב בן ארי,70
57,צביקה פוגל,63
57,שלום דנינו,63
57,ולדימיר בליאק,61
57,פנינה תמנו,59
57,טלי גוטליב,57
57,משה סולומון,57
57,יסמין פרידמן,55
57,אלי דלל,51
57,אברהם בצלאל,49
57,משה פסל,46
57,רון כץ,45
57,אלון שוסטר,43
57,חמד עמאר,43
57,עודד פורר,39
57,אורית פרקש הכהן,37
57,משה טור פז,37
57,עמית הלוי,37
57,קארין אלהרר,37
57,מטי צרפתי הרכבי,36
57,מירב כהן,35
57,משה סעדה,33
57,יאסר חוג'יראת,32
57,זאב אלקין,30
57,חנוך דב מלביצקי,30
57,אפרת רייטן מרום,29
57,יוליה מלינובסקי,29
57,טטיאנה מזרסקי,28
57,מיכל שיר סגמן,28
57,ששון ששי גואטה,28
57,יואב סגלוביץ',27
57,עופר כסיף,27
57,דבי ביטון,26
57,יבגני סובה,26
57,מאיר כהן,25
57,עאידה תומא סלימאן,25
57,אלעזר שטרן,24
57,ירון לוי,23
57,אוהד טל,22
57,אליהו ברוכי,22
57,יולי יואל אדלשטיין,20
57,יצחק קרויזר,20
57,סימון דוידסון,20
57,אריאל קלנר,17
57,ארז מלול,15
57,ניסים ואטורי,14
57,שרון ניר,14
57,קטי קטרין שטרית,13
57,שלי טל מירון,13
57,איימן עודה,12
57,חוה אתי עטייה,11
57,אביגדור ליברמן,10
57,אביחי אברהם בוארון,10
57,אחמד טיבי,9
57,אימאן ח'טיב יאסין,9
57,יואב קיש,9
57,רם בן ברק,9
57,אורנה ברביבאי,8
57,בועז טופורובסקי,8
57,יוסף עטאונה,8
57,מיכאל מלכיאלי,8
57,בועז ביסמוט,7
57,ואליד אלהואשלה,7
57,צגה מלקו,7
57,שלמה קרעי,7
57,אלמוג כהן,6
57,ווליד טאהא,6
57,דן אילוז,5
57,מתן כהנא,5
57,שרן מרים השכל,5
57,דוד אמסלם,4
57,גלית דיסטל אטבריאן,2
57,חילי טרופר,2
57,יריב לוין,2
57,משה רוט,2
57,סימון מושיאשוילי,2
57,אורי מקלב,1
57,גדעון סער,1
57,חיים ביטון,1
57,יעל רון בן משה,1
57,יפעת שאשא ביטון,1
57,מנסור עבאס,1
58,speaker_key,1475
58,יעקב אשר,499
58,שמחה רוטמן,327
58,מיכאל מרדכי ביטון,306
58,ישראל אייכלר,254
58,דוד ביטן,232
58,גלעד קריב,195
58,משה גפני,180
58,צביקה פוגל,162
58,נעמה לזימי,142
58,ולדימיר בליאק,125
58,אלעזר שטרן,119
58,יוסף טייב,118
58,אליהו רביבו,112
58,אורית פרקש הכהן,111
58,ינון אזולאי,104
58,יונתן מישרקי,97
58,פנינה תמנו,97
58,נאור שירי,94
58,עמית הלוי,85
58,שלום דנינו,81
58,מיקי לוי,71
58,יצחק פינדרוס,69
58,אוהד טל,65
58,יולי יואל אדלשטיין,65
58,יוראי להב הרצנו,64
58,אופיר כץ,59
58,עודד פורר,59
58,מטי צרפתי הרכבי,56
58,עופר כסיף,55
58,קארין אלהרר,53
58,עאידה תומא סלימאן,44
58,בועז טופורובסקי,40
58,לימור סון הר מלך,40
58,דבי ביטון,39
58,חוה אתי עטייה,39
58,טלי גוטליב,39
58,אלי דלל,37
58,צבי ידידיה סוכות,37
58,מיכל מרים וולדיגר,33
58,מירב כהן,32
58,זאב אלקין,31
58,יואב סגלוביץ',31
58,יסמין פרידמן,30
58,אפרת רייטן מרום,29
58,אברהם בצלאל,28
58,אחמד טיבי,28
58,ארז מלול,27
58,חנוך דב מלביצקי,25
58,סימון דוידסון,25
58,מירב בן ארי,24
58,משה סעדה,23
58,משה ארבל,22
58,ניסים ואטורי,22
58,קטי קטרין שטרית,22
58,רון כץ,22
58,משה פסל,21
58,שלי טל מירון,21
58,שרן מרים השכל,21
58,אימאן ח'טיב יאסין,20
58,אוריאל בוסו,17
58,מיכל שיר סגמן,17
58,אביחי אברהם בוארון,16
58,אלון שוסטר,16
58,אריאל קלנר,16
58,מאיר כהן,16
58,אליהו ברוכי,15
58,דן אילוז,15
58,חמד עמאר,15
58,משה סולומון,14
58,יצחק קרויזר,13
58,יואב קיש,12
58,שרון ניר,12
58,בועז ביסמוט,11
58,יוליה מלינובסקי,11
58,טטיאנה מזרסקי,10
58,מרב מיכאלי,9
58,משה טור פז,9
58,אלמוג כהן,8
58,יואב בן צור,8
58,יוסף עטאונה,8
58,יבגני סובה,7
58,ואליד אלהואשלה,6
58,יאסר חוג'יראת,6
58,שלמה קרעי,6
58,איתמר בן גביר,5
58,ווליד טאהא,5
58,סימון מושיאשוילי,5
58,איימן עודה,4
58,גדעון סער,4
58,גלית דיסטל אטבריאן,4
58,יפעת שאשא ביטון,3
58,מתן כהנא,3
58,צגה מלקו,3
58,רם בן ברק,3
58,ששון ששי גואטה,3
58,אורנה ברביבאי,2
58,ירון לוי,2
58,משה רוט,2
59,speaker_key,1965
59,שמחה רוטמן,1225
59,דוד ביטן,619
59,נאור שירי,441
59,יעקב אשר,358
59,ישראל אייכלר,259
59,אליהו רביבו,244
59,פנינה תמנו,236
59,גלעד קריב,198
59,אלי דלל,194
59,אופיר כץ,179
59,מיקי לוי,176
59,שלום דנינו,172
59,מיכאל מרדכי ביטון,166
59,יוסף טייב,163
59,עודד פורר,163
59,ארז מלול,150
59,משה גפני,133
59,נעמה לזימי,116
59,מירב כהן,109
59,טטיאנה מזרסקי,89
59,צביקה פוגל,88
59,ינון אזולאי,85
59,צבי ידידיה סוכות,77
59,חנוך דב מלביצקי,68
59,ולדימיר בליאק,62
59,סימון דוידסון,58
59,אלמוג כהן,57
59,אלעזר שטרן,57
59,אלון שוסטר,54
59,אפרת רייטן מרום,54
59,זאב אלקין,50
59,קארין אלהרר,50
59,רון כץ,44
59,ירון לוי,41
59,דבי ביטון,38
59,יסמין פרידמן,37
59,יונתן מישרקי,33
59,לימור סון הר מלך,31
59,בועז ביסמוט,30
59,משה טור פז,29
59,מטי צרפתי הרכבי,28
59,אורית פרקש הכהן,26
59,יבגני סובה,26
59,יצחק קרויזר,26
59,מירב בן ארי,26
59,אריאל קלנר,25
59,טלי גוטליב,24
59,משה סעדה,24
59,יצחק פינדרוס,21
59,חוה אתי עטייה,20
59,מאיר כהן,20
59,משה פסל,20
59,קטי קטרין שטרית,20
59,יואב סגלוביץ',19
59,יוראי להב הרצנו,17
59,ניסים ואטורי,17
59,אחמד טיבי,16
59,יוליה מלינובסקי,14
59,בועז טופורובסקי,12
59,ואליד אלהואשלה,12
59,סימון מושיאשוילי,12
59,יוסף עטאונה,10
59,שלי טל מירון,10
59,מיכל מרים וולדיגר,9
59,אברהם בצלאל,8
59,חמד עמאר,8
59,יולי יואל אדלשטיין,8
59,רם בן ברק,8
59,איימן עודה,7
59,יאסר חוג'יראת,6
59,משה סולומון,6
59,ששון ששי גואטה,6
59,חיים ביטון,5
59,עאידה תומא סלימאן,5
59,עמית הלוי,5
59,צגה מלקו,5
59,שרון ניר,5
59,אוהד טל,4
59,אימאן ח'טיב יאסין,4
59,דן אילוז,4
59,אביחי אברהם בוארון,2
59,אוריאל בוסו,2
59,אליהו ברוכי,2
59,מרב מיכאלי,2
59,עופר כסיף,2
59,ווליד טאהא,1
59,מיכל שיר סגמן,1
59,משה רוט,1
59,מתן כהנא,1
59,עידית סילמן,1
59,שלמה קרעי,1
60,speaker_key,2502
60,דוד ביטן,656
60,שמחה רוטמן,647
60,משה גפני,357
60,נאור שירי,319
60,יוסף טייב,299
60,יעקב אשר,289
60,יונתן מישרקי,262
60,ינון אזולאי,259
60,קארין אלהרר,244
60,אופיר כץ,238
60,מיכאל מרדכי ביטון,216
60,גלעד קריב,184
60,יוראי להב הרצנו,182
60,ולדימיר בליאק,180
60,יצחק פינדרוס,175
60,נעמה לזימי,162
60,אליהו רביבו,151
60,יואב קיש,148
60,צביקה פוגל,146
60,עודד פורר,133
60,אורית פרקש הכהן,129
60,שלום דנינו,125
60,אלי דלל,117
60,ישראל אייכלר,112
60,לימור סון הר מלך,109
60,מיכל מרים וולדיגר,108
60,עמית הלוי,107
60,אוריאל בוסו,99
60,יואב סגלוביץ',97
60,מטי צרפתי הרכבי,88
60,ארז מלול,84
60,זאב אלקין,78
60,פנינה תמנו,78
60,אוהד טל,72
60,מירב בן ארי,64
60,צבי ידידיה סוכות,63
60,ששון ששי גואטה,62
60,יסמין פרידמן,59
60,יוליה מלינובסקי,56
60,מירב כהן,55
60,משה סעדה,55
60,אפרת רייטן מרום,52
60,חוה אתי עטייה,52
60,מיקי לוי,50
60,טלי גוטליב,48
60,ניסים ואטורי,47
60,ירון לוי,42
60,רון כץ,42
60,סימון דוידסון,41
60,טטיאנה מזרסקי,40
60,קטי קטרין שטרית,40
60,עידית סילמן,38
60,חמד עמאר,35
60,אברהם בצלאל,34
60,אלון שוסטר,33
60,חנוך דב מלביצקי,33
60,יולי יואל אדלשטיין,33
60,שלמה קרעי,30
60,משה טור פז,29
60,עאידה תומא סלימאן,29
60,דבי ביטון,28
60,יצחק קרויזר,25
60,משה סולומון,24
60,אביגדור ליברמן,23
60,שלי טל מירון,23
60,מאיר כהן,22
60,משה פסל,22
60,אימאן ח'טיב יאסין,20
60,אלעזר שטרן,20
60,בועז ביסמוט,19
60,יבגני סובה,18
60,יפעת שאשא ביטון,18
60,אלמוג כהן,16
60,מתן כהנא,16
60,עופר כסיף,16
60,אורנה ברביבאי,14
60,דן אילוז,14
60,יאסר חוג'יראת,14
60,צגה מלקו,14
60,אליהו ברוכי,12
60,שרון ניר,12
60,איימן עודה,10
60,אריאל קלנר,10
60,מנסור עבאס,10
60,אחמד טיבי,9
60,יוסף עטאונה,9
60,אביחי אברהם בוארון,8
60,מיכל שיר סגמן,8
60,עידן רול,8
60,דוד אמסלם,7
60,משה רוט,7
60,משה ארבל,6
60,סימון מושיאשוילי,6
60,רם בן ברק,6
60,בועז טופורובסקי,5
60,חילי טרופר,5
60,שרן מרים השכל,5
60,גלית דיסטל אטבריאן,4
60,מרב מיכאלי,4
60,ווליד טאהא,3
60,עמיחי שיקלי,3
60,גדעון סער,2
60,איתן גינזבורג,1
60,ואליד אלהואשלה,1
60,יעקב מרגי,1
60,יצחק שמעון וסרלאוף,1
61,speaker_key,3896
61,שמחה רוטמן,1106
61,דוד ביטן,944
61,יעקב אשר,755
61,משה גפני,519
61,גלעד קריב,375
61,אופיר כץ,368
61,ינון אזולאי,348
61,נאור שירי,343
61,צביקה פוגל,328
61,יוסף טייב,297
61,ישראל אייכלר,283
61,אליהו רביבו,273
61,יונתן מישרקי,270
61,מיכאל מרדכי ביטון,255
61,עודד פורר,251
61,ולדימיר בליאק,242
61,נעמה לזימי,237
61,יצחק פינדרוס,232
61,פנינה תמנו,232
61,מיקי לוי,183
61,טלי גוטליב,179
61,זאב אלקין,177
61,יוראי להב הרצנו,159
61,עמית הלוי,153
61,מטי צרפתי הרכבי,132
61,אוריאל בוסו,131
61,אלי דלל,128
61,מירב כהן,120
61,לימור סון הר מלך,117
61,מירב בן ארי,114
61,שלום דנינו,112
61,משה סעדה,111
61,יולי יואל אדלשטיין,107
61,אורית פרקש הכהן,106
61,יסמין פרידמן,106
61,סימון דוידסון,104
61,קארין אלהרר,99
61,אברהם בצלאל,98
61,חמד עמאר,91
61,חנוך דב מלביצקי,91
61,מיכל מרים וולדיגר,89
61,רון כץ,89
61,אלעזר שטרן,83
61,דבי ביטון,83
61,יואב סגלוביץ',79
61,אפרת רייטן מרום,76
61,צבי ידידיה סוכות,76
61,עאידה תומא סלימאן,72
61,ארז מלול,68
61,חוה אתי עטייה,61
61,אוהד טל,59
61,אלון שוסטר,57
61,יבגני סובה,57
61,משה טור פז,57
61,יוליה מלינובסקי,56
61,ניסים ואטורי,55
61,משה פסל,53
61,אחמד טיבי,52
61,שרון ניר,52
61,מאיר כהן,51
61,קטי קטרין שטרית,50
61,יוסף עטאונה,48
61,שלמה קרעי,48
61,איימן עודה,46
61,יצחק קרויזר,46
61,משה סולומון,46
61,בועז ביסמוט,45
61,יואב קיש,45
61,אריאל קלנר,44
61,שלי טל מירון,41
61,שרן מרים השכל,41
61,אימאן ח'טיב יאסין,39
61,אורנה ברביבאי,38
61,עופר כסיף,37
61,אלמוג כהן,36
61,אביחי אברהם בוארון,34
61,יאסר חוג'יראת,33
61,מיכל שיר סגמן,31
61,רם בן ברק,30
61,אליהו ברוכי,25
61,טטיאנה מזרסקי,25
61,משה רוט,25
61,ירון לוי,24
61,צגה מלקו,22
61,ווליד טאהא,21
61,גלית דיסטל אטבריאן,20
61,מתן כהנא,20
61,ואליד אלהואשלה,19
61,אביגדור ליברמן,17
61,בועז טופורובסקי,17
61,דן אילוז,17
61,סימון מושיאשוילי,15
61,משה ארבל,14
61,ששון ששי גואטה,13
61,איתמר בן גביר,12
61,יפעת שאשא ביטון,12
61,מנסור עבאס,10
61,עמיחי אליהו,9
61,מרב מיכאלי,8
61,עידן רול,8
61,חילי טרופר,7
61,דוד אמסלם,5
61,איתן גינזבורג,3
61,גדי איזנקוט,3
61,חיים ביטון,3
61,אבי מעוז,2
61,עידית סילמן,2
61,אופיר סופר,1
61,אלי כהן,1
61,גדעון סער,1
61,יעל רון בן משה,1
61,יצחק גולדקנופ,1
61,מאיר פרוש,1
61,משה אבוטבול,1
61,סמיר בן סעיד,1
61,עפיף עבד,1
62,speaker_key,3820
62,דוד ביטן,989
62,שמחה רוטמן,894
62,יעקב אשר,632
62,משה גפני,429
62,ישראל אייכלר,404
62,מיכאל מרדכי ביטון,374
62,גלעד קריב,351
62,נאור שירי,343
62,יצחק פינדרוס,334
62,ולדימיר בליאק,320
62,עמית הלוי,294
62,צביקה פוגל,294
62,עודד פורר,289
62,מיקי לוי,284
62,ינון אזולאי,280
62,לימור סון הר מלך,260
62,יוסף טייב,259
62,יונתן מישרקי,247
62,ארז מלול,238
62,אליהו רביבו,233
62,שלום דנינו,233
62,נעמה לזימי,217
62,קארין אלהרר,217
62,טלי גוטליב,214
62,פנינה תמנו,209
62,אופיר כץ,197
62,יולי יואל אדלשטיין,197
62,מיכל מרים וולדיגר,163
62,חמד עמאר,154
62,מירב כהן,148
62,חנוך דב מלביצקי,147
62,מירב בן ארי,147
62,יוראי להב הרצנו,144
62,אורית פרקש הכהן,132
62,יסמין פרידמן,123
62,יצחק קרויזר,123
62,אוהד טל,111
62,משה סעדה,110
62,יואב סגלוביץ',103
62,זאב אלקין,101
62,אברהם בצלאל,90
62,סימון דוידסון,89
62,אפרת רייטן מרום,87
62,אוריאל בוסו,82
62,אלי דלל,80
62,קטי קטרין שטרית,78
62,דבי ביטון,77
62,רון כץ,76
62,צבי ידידיה סוכות,71
62,משה סולומון,69
62,ניסים ואטורי,69
62,טטיאנה מזרסקי,66
62,מטי צרפתי הרכבי,66
62,אלעזר שטרן,64
62,יוליה מלינובסקי,64
62,בועז ביסמוט,62
62,משה פסל,57
62,מאיר כהן,55
62,עאידה תומא סלימאן,53
62,אימאן ח'טיב יאסין,50
62,יבגני סובה,48
62,אליהו ברוכי,47
62,סימון מושיאשוילי,46
62,אלון שוסטר,44
62,איימן עודה,43
62,ירון לוי,41
62,חוה אתי עטייה,39
62,אלמוג כהן,34
62,אריאל קלנר,32
62,יאסר חוג'יראת,31
62,משה טור פז,31
62,אביחי אברהם בוארון,30
62,אחמד טיבי,29
62,שרון ניר,28
62,שרן מרים השכל,28
62,יוסף עטאונה,26
62,עופר כסיף,25
62,בועז טופורובסקי,24
62,רם בן ברק,22
62,דן אילוז,17
62,שלי טל מירון,14
62,צגה מלקו,13
62,משה רוט,12
62,מישל בוסקילה,10
62,ששון ששי גואטה,10
62,מיכל שיר סגמן,9
62,אבי מעוז,5
62,אורנה ברביבאי,5
62,איתן גינזבורג,5
62,גדעון סער,5
62,ואליד אלהואשלה,5
62,עידן רול,5
62,מנסור עבאס,4
62,מרב מיכאלי,4
62,שלמה קרעי,4
62,דוד אמסלם,3
62,יואב קיש,3
62,יפעת שאשא ביטון,3
62,מתן כהנא,3
62,אביגדור ליברמן,2
62,עפיף עבד,2
62,גדי איזנקוט,1
62,גלית דיסטל אטבריאן,1
62,ווליד טאהא,1
63,שמחה רוטמן,1221
63,speaker_key,1167
63,יעקב אשר,459
63,משה גפני,246
63,דוד ביטן,244
63,גלעד קריב,176
63,טלי גוטליב,160
63,יוסף טייב,160
63,מיקי לוי,153
63,עמית הלוי,148
63,מיכאל מרדכי ביטון,112
63,מיכל מרים וולדיגר,100
63,מטי צרפתי הרכבי,96
63,עאידה תומא סלימאן,93
63,ינון אזולאי,90
63,יונתן מישרקי,88
63,ישראל אייכלר,88
63,יואב סגלוביץ',84
63,אביחי אברהם בוארון,82
63,צביקה פוגל,80
63,שלי טל מירון,76
63,יוראי להב הרצנו,74
63,טטיאנה מזרסקי,73
63,אלון שוסטר,70
63,יצחק פינדרוס,68
63,נאור שירי,68
63,ניסים ואטורי,68
63,צבי ידידיה סוכות,57
63,אליהו רביבו,56
63,נעמה לזימי,54
63,פנינה תמנו,54
63,מירב בן ארי,53
63,אלי דלל,48
63,אופיר כץ,47
63,משה סעדה,46
63,חמד עמאר,39
63,יסמין פרידמן,36
63,עודד פורר,35
63,לימור סון הר מלך,31
63,מתן כהנא,30
63,אימאן ח'טיב יאסין,29
63,אורית פרקש הכהן,28
63,יצחק קרויזר,27
63,רון כץ,26
63,שלום דנינו,26
63,ולדימיר בליאק,25
63,זאב אלקין,25
63,איימן עודה,24
63,ירון לוי,24
63,אוריאל בוסו,23
63,משה טור פז,23
63,קארין אלהרר,23
63,מאיר כהן,21
63,צגה מלקו,21
63,ארז מלול,20
63,דבי ביטון,20
63,יולי יואל אדלשטיין,20
63,משה סולומון,19
63,אלעזר שטרן,18
63,חנוך דב מלביצקי,18
63,ואליד אלהואשלה,17
63,סימון דוידסון,17
63,אברהם בצלאל,16
63,חוה אתי עטייה,16
63,יוסף עטאונה,16
63,מנסור עבאס,16
63,קטי קטרין שטרית,16
63,אפרת רייטן מרום,15
63,יוליה מלינובסקי,14
63,אוהד טל,13
63,אחמד טיבי,13
63,עופר כסיף,13
63,אבי מעוז,12
63,משה פסל,12
63,גלית דיסטל אטבריאן,11
63,אריאל קלנר,10
63,בועז ביסמוט,9
63,מירב כהן,9
63,אלמוג כהן,8
63,חילי טרופר,7
63,שרון ניר,7
63,דן אילוז,6
63,מיכל שיר סגמן,6
63,אליהו ברוכי,5
63,בועז טופורובסקי,5
63,יאסר חוג'יראת,5
63,ששון ששי גואטה,5
63,יבגני סובה,4
63,שלמה קרעי,4
63,אביגדור ליברמן,3
63,ווליד טאהא,3
63,מישל בוסקילה,3
63,מרב מיכאלי,2
63,עידן רול,2
63,איתן גינזבורג,1
63,גדי איזנקוט,1
63,דוד אמסלם,1
63,משה ארבל,1
63,משה רוט,1
63,סימון מושיאשוילי,1
63,שרן מרים השכל,1
64,speaker_key,3047
64,שמחה רוטמן,1328
64,דוד ביטן,871
64,יעקב אשר,668
64,גלעד קריב,314
64,ישראל אייכלר,303
64,משה גפני,285
64,ינון אזולאי,278
64,יונתן מישרקי,250
64,יוסף טייב,235
64,אופיר כץ,207
64,צביקה פוגל,197
64,נאור שירי,194
64,אליהו רביבו,179
64,מיכאל מרדכי ביטון,171
64,מיקי לוי,170
64,נעמה לזימי,169
64,יצחק פינדרוס,168
64,פנינה תמנו,161
64,עודד פורר,156
64,ולדימיר בליאק,146
64,שלום דנינו,143
64,חנוך דב מלביצקי,133
64,קארין אלהרר,133
64,יוראי להב הרצנו,127
64,לימור סון הר מלך,120
64,מטי צרפתי הרכבי,110
64,אורית פרקש הכהן,106
64,זאב אלקין,104
64,טלי גוטליב,101
64,עמית הלוי,99
64,משה סעדה,98
64,דבי ביטון,90
64,אלי דלל,86
64,יסמין פרידמן,84
64,מירב כהן,79
64,מירב בן ארי,73
64,ארז מלול,72
64,משה טור פז,72
64,מיכל מרים וולדיגר,70
64,יולי יואל אדלשטיין,64
64,סימון דוידסון,63
64,אוריאל בוסו,58
64,צבי ידידיה סוכות,57
64,אלון שוסטר,56
64,משה פסל,56
64,יואב סגלוביץ',55
64,אפרת רייטן מרום,52
64,אלעזר שטרן,50
64,יוסף עטאונה,46
64,אוהד טל,39
64,חמד עמאר,39
64,חוה אתי עטייה,38
64,משה סולומון,37
64,שרון ניר,37
64,אברהם בצלאל,35
64,אימאן ח'טיב יאסין,34
64,עידן רול,34
64,רון כץ,34
64,אחמד טיבי,33
64,אליהו ברוכי,33
64,סימון מושיאשוילי,33
64,אביחי אברהם בוארון,32
64,טטיאנה מזרסקי,32
64,ניסים ואטורי,32
64,קטי קטרין שטרית,32
64,יצחק קרויזר,30
64,יוליה מלינובסקי,29
64,מאיר כהן,29
64,ירון לוי,23
64,איימן עודה,22
64,עאידה תומא סלימאן,22
64,יאסר חוג'יראת,19
64,שלמה קרעי,19
64,דן אילוז,18
64,עופר כסיף,18
64,שלי טל מירון,18
64,אלמוג כהן,17
64,אריאל קלנר,17
64,בועז טופורובסקי,15
64,יבגני סובה,15
64,מיכל שיר סגמן,15
64,אורנה ברביבאי,14
64,ווליד טאהא,13
64,בועז ביסמוט,12
64,משה רוט,12
64,מתן כהנא,12
64,שרן מרים השכל,11
64,ששון ששי גואטה,11
64,צגה מלקו,9
64,רם בן ברק,9
64,מרב מיכאלי,8
64,אביגדור ליברמן,6
64,איתמר בן גביר,6
64,ואליד אלהואשלה,6
64,גלית דיסטל אטבריאן,5
64,חילי טרופר,5
64,עמיחי אליהו,5
64,מישל בוסקילה,4
64,יואב קיש,3
64,עמיחי שיקלי,2
64,אריה מכלוף דרעי,1
64,גדעון סער,1
64,יעקב מרגי,1
64,יפעת שאשא ביטון,1
64,יריב לוין,1
64,מנסור עבאס,1
64,משה ארבל,1
65,speaker_key,1657
65,שמחה רוטמן,529
65,דוד ביטן,390
65,יעקב אשר,291
65,משה גפני,276
65,יצחק פינדרוס,165
65,פנינה תמנו,161
65,נעמה לזימי,160
65,אופיר כץ,150
65,מיקי לוי,145
65,צביקה פוגל,144
65,ינון אזולאי,142
65,אליהו רביבו,138
65,ישראל אייכלר,135
65,גלעד קריב,130
65,נאור שירי,116
65,יוסף טייב,110
65,מיכאל מרדכי ביטון,109
65,מירב בן ארי,97
65,עודד פורר,91
65,מיכל מרים וולדיגר,78
65,קארין אלהרר,78
65,יונתן מישרקי,74
65,מטי צרפתי הרכבי,67
65,שלום דנינו,65
65,יואב סגלוביץ',63
65,אורית פרקש הכהן,62
65,ולדימיר בליאק,60
65,יוראי להב הרצנו,60
65,לימור סון הר מלך,59
65,משה סעדה,58
65,ארז מלול,56
65,יסמין פרידמן,55
65,רון כץ,55
65,זאב אלקין,54
65,אלי דלל,52
65,טלי גוטליב,52
65,מירב כהן,52
65,קטי קטרין שטרית,52
65,עמית הלוי,50
65,צבי ידידיה סוכות,49
65,איימן עודה,47
65,משה טור פז,40
65,אלון שוסטר,39
65,אוהד טל,35
65,אוריאל בוסו,33
65,סימון דוידסון,33
65,אריאל קלנר,28
65,יוסף עטאונה,28
65,חמד עמאר,27
65,חנוך דב מלביצקי,27
65,יולי יואל אדלשטיין,27
65,בועז ביסמוט,25
65,יאסר חוג'יראת,25
65,אלעזר שטרן,24
65,חוה אתי עטייה,24
65,מאיר כהן,24
65,אפרת רייטן מרום,23
65,שלי טל מירון,23
65,אימאן ח'טיב יאסין,22
65,דבי ביטון,21
65,עאידה תומא סלימאן,21
65,יוליה מלינובסקי,20
65,אברהם בצלאל,19
65,דן אילוז,19
65,ירון לוי,19
65,אחמד טיבי,18
65,טטיאנה מזרסקי,18
65,משה סולומון,18
65,ניסים ואטורי,18
65,יבגני סובה,17
65,ששון ששי גואטה,17
65,יצחק קרויזר,16
65,אליהו ברוכי,13
65,משה פסל,12
65,צגה מלקו,12
65,אביחי אברהם בוארון,10
65,אלמוג כהן,10
65,בועז טופורובסקי,10
65,מיכל שיר סגמן,10
65,שרון ניר,9
65,מנסור עבאס,8
65,עידית סילמן,8
65,שרן מרים השכל,8
65,רם בן ברק,7
65,סימון מושיאשוילי,6
65,עופר כסיף,6
65,גלית דיסטל אטבריאן,5
65,אביגדור ליברמן,4
65,אורנה ברביבאי,4
65,מרב מיכאלי,4
65,משה רוט,4
65,מתן כהנא,4
65,ואליד אלהואשלה,3
65,מישל בוסקילה,3
65,דוד אמסלם,2
65,יואב קיש,2
65,מאיר פרוש,2
65,שלמה קרעי,2
65,איתן גינזבורג,1
65,גדי איזנקוט,1
65,גדעון סער,1
65,חיים ביטון,1
65,חילי טרופר,1
65,יעקב מרגי,1
65,משה ארבל,1
65,עידן רול,1
65,עמיחי אליהו,1
66,speaker_key,3167
66,שמחה רוטמן,1505
66,דוד ביטן,869
66,נאור שירי,694
66,אופיר כץ,548
66,מיכאל מרדכי ביטון,473
66,יעקב אשר,435
66,משה גפני,420
66,עודד פורר,333
66,גלעד קריב,318
66,יוסף טייב,259
66,מטי צרפתי הרכבי,251
66,יצחק פינדרוס,244
66,קארין אלהרר,213
66,נעמה לזימי,205
66,פנינה תמנו,196
66,מירב בן ארי,193
66,אליהו רביבו,190
66,זאב אלקין,182
66,ולדימיר בליאק,181
66,מיקי לוי,170
66,סימון דוידסון,156
66,אפרת רייטן מרום,155
66,עמית הלוי,148
66,משה טור פז,144
66,צביקה פוגל,143
66,יוליה מלינובסקי,140
66,ישראל אייכלר,138
66,חנוך דב מלביצקי,126
66,לימור סון הר מלך,126
66,שלום דנינו,122
66,ינון אזולאי,119
66,שלי טל מירון,113
66,אלעזר שטרן,104
66,יונתן מישרקי,100
66,מירב כהן,97
66,אריאל קלנר,94
66,יוראי להב הרצנו,86
66,שלמה קרעי,84
66,אוריאל בוסו,80
66,אלי דלל,75
66,אברהם בצלאל,72
66,צבי ידידיה סוכות,63
66,אורנה ברביבאי,62
66,יבגני סובה,62
66,דבי ביטון,61
66,איתמר בן גביר,60
66,רון כץ,59
66,יסמין פרידמן,57
66,ארז מלול,55
66,טלי גוטליב,54
66,יולי יואל אדלשטיין,53
66,מיכל מרים וולדיגר,53
66,משה סולומון,53
66,משה סעדה,53
66,שרון ניר,48
66,איימן עודה,45
66,מאיר כהן,45
66,עופר כסיף,45
66,אורית פרקש הכהן,42
66,יואב סגלוביץ',38
66,חמד עמאר,37
66,משה פסל,36
66,יוסף עטאונה,34
66,אימאן ח'טיב יאסין,30
66,אלון שוסטר,30
66,עאידה תומא סלימאן,29
66,אוהד טל,28
66,רם בן ברק,27
66,אלמוג כהן,26
66,ניסים ואטורי,26
66,קטי קטרין שטרית,23
66,יפעת שאשא ביטון,21
66,משה ארבל,20
66,אחמד טיבי,19
66,ווליד טאהא,19
66,בועז ביסמוט,18
66,אביחי אברהם בוארון,16
66,חוה אתי עטייה,15
66,דן אילוז,14
66,יצחק קרויזר,14
66,מיכל שיר סגמן,14
66,טטיאנה מזרסקי,13
66,יואב קיש,13
66,בועז טופורובסקי,12
66,צגה מלקו,12
66,שרן מרים השכל,12
66,יאסר חוג'יראת,11
66,חילי טרופר,8
66,מתן כהנא,7
66,עידן רול,7
66,מישל בוסקילה,6
66,משה רוט,6
66,גלית דיסטל אטבריאן,5
66,מנסור עבאס,5
66,אליהו ברוכי,4
66,גדי איזנקוט,3
66,גדעון סער,3
66,ירון לוי,3
66,ששון ששי גואטה,3
66,אביגדור ליברמן,2
66,ואליד אלהואשלה,2
66,חיים ביטון,1
66,יצחק שמעון וסרלאוף,1
66,מרב מיכאלי,1
67,speaker_key,1921
67,שמחה רוטמן,801
67,דוד ביטן,640
67,יעקב אשר,340
67,משה גפני,314
67,מירב בן ארי,214
67,יוראי להב הרצנו,199
67,עודד פורר,197
67,ישראל אייכלר,194
67,אופיר כץ,181
67,מיקי לוי,163
67,ינון אזולאי,159
67,צביקה פוגל,133
67,עמית הלוי,132
67,גלעד קריב,131
67,יצחק פינדרוס,129
67,נאור שירי,125
67,יוסף טייב,118
67,אוריאל בוסו,112
67,פנינה תמנו,107
67,קארין אלהרר,107
67,יסמין פרידמן,106
67,מיכאל מרדכי ביטון,105
67,ולדימיר בליאק,99
67,טלי גוטליב,95
67,נעמה לזימי,94
67,משה סעדה,92
67,לימור סון הר מלך,90
67,יונתן מישרקי,89
67,אליהו רביבו,88
67,אלי דלל,61
67,מיכל מרים וולדיגר,61
67,מטי צרפתי הרכבי,59
67,חנוך דב מלביצקי,58
67,צבי ידידיה סוכות,55
67,יבגני סובה,54
67,מירב כהן,52
67,שלום דנינו,51
67,אלון שוסטר,47
67,סימון דוידסון,47
67,יולי יואל אדלשטיין,46
67,שלמה קרעי,43
67,אפרת רייטן מרום,42
67,זאב אלקין,38
67,יואב סגלוביץ',34
67,קטי קטרין שטרית,33
67,מיכאל מלכיאלי,32
67,מתן כהנא,32
67,אלמוג כהן,31
67,עופר כסיף,31
67,מאיר כהן,30
67,עאידה תומא סלימאן,30
67,רון כץ,30
67,אורית פרקש הכהן,29
67,יואב קיש,28
67,ארז מלול,27
67,אלעזר שטרן,26
67,עמיחי אליהו,26
67,אוהד טל,25
67,אריאל קלנר,25
67,ווליד טאהא,24
67,אביחי אברהם בוארון,23
67,אימאן ח'טיב יאסין,21
67,חמד עמאר,21
67,דבי ביטון,20
67,יוסף עטאונה,20
67,גלית דיסטל אטבריאן,19
67,שלי טל מירון,19
67,שרון ניר,19
67,אליהו ברוכי,14
67,חוה אתי עטייה,14
67,משה פסל,14
67,משה טור פז,13
67,טטיאנה מזרסקי,12
67,מיכל שיר סגמן,12
67,גדעון סער,11
67,ניסים ואטורי,10
67,אברהם בצלאל,9
67,אחמד טיבי,9
67,משה סולומון,9
67,סימון מושיאשוילי,9
67,גדי איזנקוט,8
67,יוליה מלינובסקי,8
67,יצחק קרויזר,8
67,אביגדור ליברמן,7
67,בועז טופורובסקי,6
67,דן אילוז,6
67,רם בן ברק,6
67,אורנה ברביבאי,5
67,בועז ביסמוט,5
67,יפעת שאשא ביטון,5
67,מרב מיכאלי,5
67,ירון לוי,4
67,שרן מרים השכל,4
67,ואליד אלהואשלה,3
67,יריב לוין,3
67,עידן רול,3
67,ששון ששי גואטה,3
67,איימן עודה,2
67,חילי טרופר,2
67,יאסר חוג'יראת,2
67,אורי מקלב,1
67,חיים ביטון,1
67,יואב בן צור,1
67,יעל רון בן משה,1
67,צגה מלקו,1
68,speaker_key,4204
68,שמחה רוטמן,1400
68,יעקב אשר,939
68,דוד ביטן,778
68,משה גפני,560
68,צביקה פוגל,558
68,גלעד קריב,540
68,מיכאל מרדכי ביטון,435
68,נאור שירי,375
68,יונתן מישרקי,333
68,יצחק פינדרוס,332
68,עודד פורר,332
68,אליהו רביבו,330
68,ישראל אייכלר,327
68,ינון אזולאי,308
68,ולדימיר בליאק,306
68,נעמה לזימי,302
68,יוסף טייב,276
68,קארין אלהרר,269
68,מיקי לוי,252
68,אופיר כץ,251
68,עמית הלוי,235
68,פנינה תמנו,218
68,אפרת רייטן מרום,206
68,לימור סון הר מלך,201
68,טלי גוטליב,195
68,מירב בן ארי,192
68,סימון דוידסון,160
68,מירב כהן,153
68,מטי צרפתי הרכבי,149
68,זאב אלקין,146
68,אלי דלל,144
68,ירון לוי,136
68,אורית פרקש הכהן,133
68,יוראי להב הרצנו,132
68,מיכל מרים וולדיגר,128
68,חמד עמאר,123
68,יוליה מלינובסקי,117
68,אוריאל בוסו,116
68,יסמין פרידמן,116
68,ארז מלול,112
68,יולי יואל אדלשטיין,101
68,עאידה תומא סלימאן,100
68,קטי קטרין שטרית,98
68,שלום דנינו,97
68,רון כץ,92
68,משה סעדה,90
68,בועז ביסמוט,85
68,דבי ביטון,84
68,משה סולומון,80
68,אלון שוסטר,79
68,חנוך דב מלביצקי,79
68,יצחק קרויזר,79
68,יואב סגלוביץ',77
68,משה טור פז,77
68,מאיר כהן,74
68,ניסים ואטורי,71
68,אלעזר שטרן,66
68,אחמד טיבי,63
68,יבגני סובה,61
68,יוסף עטאונה,61
68,שלי טל מירון,60
68,אוהד טל,57
68,יאסר חוג'יראת,57
68,אליהו ברוכי,54
68,אברהם בצלאל,48
68,יואב קיש,48
68,בועז טופורובסקי,47
68,עופר כסיף,47
68,אלמוג כהן,45
68,אריאל קלנר,42
68,צבי ידידיה סוכות,42
68,מתן כהנא,39
68,שרון ניר,34
68,אביחי אברהם בוארון,31
68,איימן עודה,31
68,טטיאנה מזרסקי,30
68,חוה אתי עטייה,29
68,צגה מלקו,28
68,אימאן ח'טיב יאסין,26
68,משה ארבל,26
68,משה פסל,26
68,רם בן ברק,24
68,ששון ששי גואטה,22
68,דן אילוז,21
68,מרב מיכאלי,21
68,שרן מרים השכל,21
68,ווליד טאהא,16
68,עידן רול,16
68,שלמה קרעי,15
68,אורנה ברביבאי,14
68,ואליד אלהואשלה,13
68,אביגדור ליברמן,11
68,מיכל שיר סגמן,11
68,איתמר בן גביר,10
68,חילי טרופר,10
68,משה רוט,10
68,יפעת שאשא ביטון,9
68,מאיר פרוש,9
68,סימון מושיאשוילי,9
68,עמיחי אליהו,9
68,גדי איזנקוט,6
68,גלית דיסטל אטבריאן,6
68,איתן גינזבורג,5
68,גדעון סער,3
68,דוד אמסלם,3
68,גילה גמליאל,2
68,מנסור עבאס,2
68,עידית סילמן,2
68,בנימין גנץ,1
68,מישל בוסקילה,1
68,סמיר בן סעיד,1
68,עמיחי שיקלי,1
69,speaker_key,3384
69,שמחה רוטמן,880
69,דוד ביטן,606
69,משה גפני,500
69,ינון אזולאי,442
69,יעקב אשר,423
69,ישראל אייכלר,386
69,צביקה פוגל,333
69,אליהו רביבו,277
69,יצחק פינדרוס,277
69,יוסף טייב,272
69,גלעד קריב,270
69,נעמה לזימי,263
69,יונתן מישרקי,238
69,מיכאל מרדכי ביטון,199
69,נאור שירי,193
69,עודד פורר,191
69,מיכל מרים וולדיגר,174
69,טלי גוטליב,173
69,פנינה תמנו,167
69,יולי יואל אדלשטיין,152
69,יסמין פרידמן,148
69,שלום דנינו,148
69,אורית פרקש הכהן,141
69,עמית הלוי,139
69,ולדימיר בליאק,131
69,קארין אלהרר,125
69,זאב אלקין,124
69,מיקי לוי,112
69,אלי דלל,107
69,יוראי להב הרצנו,105
69,אברהם בצלאל,100
69,מירב כהן,94
69,מירב בן ארי,92
69,אופיר כץ,88
69,איימן עודה,87
69,יוליה מלינובסקי,86
69,לימור סון הר מלך,83
69,אוריאל בוסו,81
69,חמד עמאר,81
69,רון כץ,80
69,צבי ידידיה סוכות,79
69,סימון דוידסון,73
69,אלעזר שטרן,72
69,אחמד טיבי,69
69,מטי צרפתי הרכבי,64
69,חוה אתי עטייה,60
69,משה סעדה,58
69,ניסים ואטורי,58
69,דבי ביטון,56
69,משה סולומון,51
69,ארז מלול,48
69,אריאל קלנר,47
69,מאיר כהן,46
69,קטי קטרין שטרית,46
69,אלון שוסטר,45
69,אפרת רייטן מרום,45
69,משה טור פז,44
69,יואב סגלוביץ',43
69,בועז טופורובסקי,41
69,גלית דיסטל אטבריאן,39
69,עופר כסיף,39
69,בועז ביסמוט,38
69,חנוך דב מלביצקי,38
69,עאידה תומא סלימאן,38
69,אימאן ח'טיב יאסין,37
69,אוהד טל,34
69,יצחק קרויזר,33
69,צגה מלקו,33
69,דוד אמסלם,31
69,יוסף עטאונה,31
69,משה פסל,25
69,ירון לוי,24
69,ווליד טאהא,23
69,יאסר חוג'יראת,20
69,שלי טל מירון,19
69,מיכל שיר סגמן,18
69,אלמוג כהן,16
69,טטיאנה מזרסקי,16
69,יבגני סובה,15
69,סימון מושיאשוילי,15
69,אביחי אברהם בוארון,14
69,דן אילוז,13
69,שלמה קרעי,13
69,שרון ניר,12
69,אליהו ברוכי,11
69,ששון ששי גואטה,10
69,שרן מרים השכל,9
69,יפעת שאשא ביטון,8
69,משה רוט,8
69,מישל בוסקילה,7
69,אורנה ברביבאי,5
69,ואליד אלהואשלה,5
69,עידית סילמן,5
69,עידן רול,5
69,אביגדור ליברמן,4
69,חילי טרופר,4
69,מרב מיכאלי,4
69,משה ארבל,4
69,רם בן ברק,4
69,חיים ביטון,3
69,יואב קיש,3
69,מתן כהנא,2
69,אבי מעוז,1
69,איתמר בן גביר,1
69,בנימין גנץ,1
69,גדי איזנקוט,1
69,יעקב מרגי,1
69,מאיר פרוש,1
69,מנסור עבאס,1
69,עמיחי אליהו,1
69,עפיף עבד,1
70,speaker_key,3680
70,שמחה רוטמן,1087
70,דוד ביטן,941
70,יעקב אשר,619
70,משה גפני,467
70,גלעד קריב,411
70,ינון אזולאי,368
70,צביקה פוגל,326
70,אליהו רביבו,305
70,נאור שירי,302
70,ישראל אייכלר,300
70,נעמה לזימי,285
70,אופיר כץ,275
70,יונתן מישרקי,262
70,יצחק פינדרוס,254
70,יוסף טייב,251
70,מיכאל מרדכי ביטון,251
70,פנינה תמנו,234
70,ולדימיר בליאק,224
70,מיקי לוי,195
70,עודד פורר,185
70,קארין אלהרר,178
70,טלי גוטליב,168
70,זאב אלקין,167
70,לימור סון הר מלך,160
70,אלי דלל,147
70,עמית הלוי,142
70,צבי ידידיה סוכות,138
70,שלום דנינו,134
70,יסמין פרידמן,122
70,אורית פרקש הכהן,121
70,אפרת רייטן מרום,115
70,מירב בן ארי,115
70,מירב כהן,113
70,יוראי להב הרצנו,112
70,מיכל מרים וולדיגר,112
70,אוריאל בוסו,109
70,יולי יואל אדלשטיין,103
70,משה סעדה,101
70,מטי צרפתי הרכבי,100
70,חמד עמאר,98
70,אברהם בצלאל,94
70,סימון דוידסון,92
70,אלון שוסטר,88
70,דבי ביטון,88
70,יואב סגלוביץ',86
70,ארז מלול,83
70,חנוך דב מלביצקי,77
70,חוה אתי עטייה,60
70,רון כץ,59
70,עאידה תומא סלימאן,58
70,קטי קטרין שטרית,55
70,יוליה מלינובסקי,53
70,משה טור פז,53
70,משה פסל,52
70,ניסים ואטורי,51
70,אוהד טל,50
70,אלמוג כהן,49
70,יצחק קרויזר,47
70,אלעזר שטרן,44
70,יאסר חוג'יראת,44
70,שלי טל מירון,43
70,בועז ביסמוט,42
70,יבגני סובה,42
70,אריאל קלנר,38
70,בועז טופורובסקי,37
70,יואב קיש,37
70,שרון ניר,37
70,אחמד טיבי,36
70,שלמה קרעי,36
70,אביחי אברהם בוארון,35
70,משה סולומון,35
70,עופר כסיף,35
70,איימן עודה,34
70,טטיאנה מזרסקי,34
70,ירון לוי,34
70,מאיר כהן,34
70,צגה מלקו,33
70,אימאן ח'טיב יאסין,32
70,ששון ששי גואטה,32
70,מיכל שיר סגמן,31
70,רם בן ברק,30
70,שרן מרים השכל,28
70,אליהו ברוכי,27
70,יוסף עטאונה,24
70,גלית דיסטל אטבריאן,22
70,סימון מושיאשוילי,22
70,דן אילוז,19
70,אורנה ברביבאי,17
70,ווליד טאהא,17
70,יפעת שאשא ביטון,15
70,מתן כהנא,14
70,משה רוט,13
70,עידן רול,12
70,ואליד אלהואשלה,11
70,אביגדור ליברמן,10
70,מנסור עבאס,10
70,איתמר בן גביר,8
70,איתן גינזבורג,6
70,חילי טרופר,6
70,מרב מיכאלי,6
70,משה ארבל,6
70,דוד אמסלם,4
70,יריב לוין,4
70,מישל בוסקילה,4
70,משה אבוטבול,4
70,אבי מעוז,3
70,בנימין גנץ,2
70,אלי כהן,1
70,אמיר אוחנה,1
70,בנימין נתניהו,1
70,גדי איזנקוט,1
70,גדעון סער,1
70,דני דנון,1
70,ניר ברקת,1
70,סמיר בן סעיד,1
70,עמיחי אליהו,1
71,speaker_key,1980
71,דוד ביטן,644
71,שמחה רוטמן,493
71,יוסף טייב,299
71,משה גפני,297
71,יעקב אשר,260
71,נאור שירי,226
71,ינון אזולאי,215
71,יונתן מישרקי,202
71,זאב אלקין,198
71,פנינה תמנו,148
71,מיקי לוי,147
71,יצחק פינדרוס,146
71,גלעד קריב,141
71,עודד פורר,134
71,עמית הלוי,133
71,ישראל אייכלר,121
71,צביקה פוגל,110
71,אליהו רביבו,109
71,יוראי להב הרצנו,101
71,מיכאל מרדכי ביטון,101
71,טלי גוטליב,100
71,נעמה לזימי,97
71,ולדימיר בליאק,96
71,יסמין פרידמן,95
71,אופיר כץ,92
71,חוה אתי עטייה,77
71,אלון שוסטר,73
71,משה סולומון,72
71,משה פסל,69
71,קארין אלהרר,65
71,יבגני סובה,60
71,שלום דנינו,60
71,מטי צרפתי הרכבי,59
71,מירב בן ארי,56
71,מירב כהן,54
71,אפרת רייטן מרום,52
71,חמד עמאר,52
71,יואב סגלוביץ',50
71,יולי יואל אדלשטיין,50
71,לימור סון הר מלך,49
71,אלי דלל,45
71,דבי ביטון,45
71,אורית פרקש הכהן,44
71,אברהם בצלאל,41
71,ניסים ואטורי,41
71,חנוך דב מלביצקי,38
71,אוריאל בוסו,37
71,ארז מלול,36
71,משה סעדה,32
71,אימאן ח'טיב יאסין,30
71,סימון דוידסון,30
71,אוהד טל,29
71,מיכל מרים וולדיגר,29
71,אלעזר שטרן,28
71,יצחק קרויזר,28
71,משה טור פז,26
71,טטיאנה מזרסקי,25
71,יוליה מלינובסקי,25
71,מאיר כהן,22
71,צבי ידידיה סוכות,21
71,צגה מלקו,21
71,שלי טל מירון,20
71,בועז ביסמוט,19
71,יאסר חוג'יראת,19
71,קטי קטרין שטרית,19
71,רון כץ,19
71,אביחי אברהם בוארון,17
71,אחמד טיבי,17
71,איימן עודה,16
71,מתן כהנא,16
71,עופר כסיף,16
71,רם בן ברק,16
71,עידן רול,15
71,שרון ניר,15
71,דוד אמסלם,14
71,שלמה קרעי,14
71,אלמוג כהן,13
71,יוסף עטאונה,13
71,מיכל שיר סגמן,13
71,בועז טופורובסקי,12
71,עאידה תומא סלימאן,12
71,אריאל קלנר,11
71,ווליד טאהא,11
71,ירון לוי,11
71,ששון ששי גואטה,11
71,אליהו ברוכי,9
71,יואב קיש,9
71,דן אילוז,8
71,סימון מושיאשוילי,7
71,אורנה ברביבאי,6
71,חילי טרופר,6
71,משה ארבל,6
71,שרן מרים השכל,6
71,ואליד אלהואשלה,4
71,חיים ביטון,4
71,אביגדור ליברמן,3
71,גלית דיסטל אטבריאן,3
71,מרב מיכאלי,3
71,איתמר בן גביר,2
71,משה רוט,2
71,אבי מעוז,1
71,גדי איזנקוט,1
71,גדעון סער,1
71,יריב לוין,1
71,משה אבוטבול,1
71,עפיף עבד,1
72,speaker_key,3806
72,שמחה רוטמן,1702
72,דוד ביטן,1049
72,יעקב אשר,851
72,משה גפני,655
72,ינון אזולאי,410
72,ישראל אייכלר,377
72,גלעד קריב,376
72,אופיר כץ,371
72,יוסף טייב,362
72,נאור שירי,353
72,יצחק פינדרוס,318
72,אליהו רביבו,299
72,פנינה תמנו,293
72,צביקה פוגל,272
72,עודד פורר,264
72,יונתן מישרקי,251
72,מיכאל מרדכי ביטון,246
72,נעמה לזימי,245
72,ולדימיר בליאק,234
72,מטי צרפתי הרכבי,216
72,טלי גוטליב,213
72,זאב אלקין,211
72,מיקי לוי,205
72,יוראי להב הרצנו,203
72,עמית הלוי,154
72,מירב בן ארי,148
72,שלום דנינו,138
72,אורית פרקש הכהן,131
72,יסמין פרידמן,128
72,קארין אלהרר,128
72,משה סעדה,127
72,אפרת רייטן מרום,121
72,מיכל מרים וולדיגר,119
72,סימון דוידסון,113
72,לימור סון הר מלך,111
72,מירב כהן,111
72,אלי דלל,110
72,איתמר בן גביר,98
72,אוריאל בוסו,96
72,דבי ביטון,95
72,עאידה תומא סלימאן,93
72,אברהם בצלאל,92
72,רון כץ,91
72,חוה אתי עטייה,90
72,יואב סגלוביץ',87
72,יולי יואל אדלשטיין,86
72,אוהד טל,83
72,חמד עמאר,81
72,מאיר כהן,81
72,צבי ידידיה סוכות,78
72,אלעזר שטרן,77
72,חנוך דב מלביצקי,75
72,אלון שוסטר,71
72,משה טור פז,71
72,יבגני סובה,70
72,ארז מלול,66
72,יוליה מלינובסקי,65
72,ניסים ואטורי,65
72,שרון ניר,54
72,משה סולומון,51
72,עופר כסיף,48
72,שלמה קרעי,47
72,יצחק קרויזר,44
72,שלי טל מירון,44
72,יואב קיש,43
72,יוסף עטאונה,42
72,קטי קטרין שטרית,41
72,שרן מרים השכל,41
72,אחמד טיבי,38
72,משה פסל,37
72,טטיאנה מזרסקי,36
72,אלמוג כהן,35
72,אביחי אברהם בוארון,33
72,אריאל קלנר,33
72,משה ארבל,33
72,אימאן ח'טיב יאסין,30
72,אורנה ברביבאי,29
72,יאסר חוג'יראת,29
72,ירון לוי,29
72,בועז טופורובסקי,28
72,מיכל שיר סגמן,28
72,איימן עודה,26
72,בועז ביסמוט,26
72,אליהו ברוכי,24
72,רם בן ברק,24
72,צגה מלקו,17
72,ששון ששי גואטה,17
72,דן אילוז,16
72,מישל בוסקילה,15
72,מתן כהנא,15
72,אביגדור ליברמן,14
72,ואליד אלהואשלה,12
72,חילי טרופר,12
72,סימון מושיאשוילי,12
72,גלית דיסטל אטבריאן,11
72,ווליד טאהא,11
72,מנסור עבאס,11
72,מרב מיכאלי,10
72,משה רוט,10
72,עידן רול,9
72,יפעת שאשא ביטון,8
72,עמיחי אליהו,6
72,בנימין גנץ,3
72,אלי כהן,2
72,גדי איזנקוט,2
72,עמיחי שיקלי,2
72,עפיף עבד,2
72,אבי דיכטר,1
72,אבי מעוז,1
72,אריה מכלוף דרעי,1
72,בנימין נתניהו,1
72,גדעון סער,1
72,חיים ביטון,1
72,יעקב מרגי,1
72,יצחק שמעון וסרלאוף,1
72,מיכאל מלכיאלי,1
72,עידית סילמן,1
73,speaker_key,2191
73,שמחה רוטמן,884
73,דוד ביטן,557
73,יעקב אשר,554
73,ינון אזולאי,388
73,אוריאל בוסו,359
73,אופיר כץ,352
73,גלעד קריב,317
73,מיכאל מרדכי ביטון,285
73,משה גפני,259
73,אליהו רביבו,245
73,נעמה לזימי,223
73,יואב קיש,186
73,חמד עמאר,181
73,יוסף טייב,176
73,יסמין פרידמן,169
73,נאור שירי,169
73,יונתן מישרקי,168
73,יצחק פינדרוס,167
73,ישראל אייכלר,141
73,מיקי לוי,134
73,אורית פרקש הכהן,120
73,עודד פורר,112
73,צביקה פוגל,104
73,אלי דלל,100
73,טלי גוטליב,89
73,שלמה קרעי,87
73,עמית הלוי,79
73,פנינה תמנו,74
73,יוליה מלינובסקי,73
73,יוראי להב הרצנו,68
73,ולדימיר בליאק,67
73,חוה אתי עטייה,67
73,שלום דנינו,61
73,משה טור פז,60
73,משה סעדה,56
73,מירב בן ארי,55
73,סימון דוידסון,55
73,קארין אלהרר,54
73,אברהם בצלאל,52
73,אלון שוסטר,52
73,זאב אלקין,48
73,רון כץ,47
73,יבגני סובה,46
73,עאידה תומא סלימאן,46
73,לימור סון הר מלך,45
73,אפרת רייטן מרום,43
73,דבי ביטון,37
73,קטי קטרין שטרית,37
73,יואב סגלוביץ',35
73,רם בן ברק,35
73,ירון לוי,34
73,ארז מלול,33
73,ניסים ואטורי,32
73,יצחק קרויזר,31
73,מירב כהן,31
73,מטי צרפתי הרכבי,30
73,מיכל מרים וולדיגר,30
73,בועז טופורובסקי,28
73,יולי יואל אדלשטיין,27
73,אימאן ח'טיב יאסין,26
73,חנוך דב מלביצקי,26
73,משה סולומון,25
73,משה פסל,24
73,אביחי אברהם בוארון,22
73,צבי ידידיה סוכות,21
73,שרון ניר,21
73,דן אילוז,20
73,יאסר חוג'יראת,20
73,שרן מרים השכל,20
73,אלמוג כהן,19
73,טטיאנה מזרסקי,19
73,אלעזר שטרן,18
73,עידן רול,18
73,אליהו ברוכי,17
73,מאיר כהן,17
73,אחמד טיבי,15
73,איימן עודה,15
73,בועז ביסמוט,15
73,צגה מלקו,15
73,ששון ששי גואטה,15
73,אוהד טל,14
73,יוסף עטאונה,14
73,עופר כסיף,13
73,שלי טל מירון,13
73,גלית דיסטל אטבריאן,10
73,אריאל קלנר,9
73,משה ארבל,9
73,ואליד אלהואשלה,7
73,ווליד טאהא,7
73,יפעת שאשא ביטון,7
73,מיכל שיר סגמן,7
73,גדעון סער,6
73,חילי טרופר,5
73,סימון מושיאשוילי,4
73,אופיר סופר,3
73,משה רוט,3
73,אביגדור ליברמן,2
73,אורנה ברביבאי,2
73,איתן גינזבורג,2
73,יעקב מרגי,2
73,מרב מיכאלי,2
73,אמיר אוחנה,1
73,מאי גולן,1
73,מאיר פרוש,1
73,מישל בוסקילה,1
73,מתן כהנא,1
74,speaker_key,4847
74,דוד ביטן,948
74,שמחה רוטמן,946
74,משה גפני,895
74,יעקב אשר,711
74,יוסף טייב,488
74,נאור שירי,443
74,ינון אזולאי,429
74,יונתן מישרקי,416
74,צביקה פוגל,341
74,אליהו רביבו,324
74,מיכאל מרדכי ביטון,311
74,יצחק פינדרוס,301
74,גלעד קריב,292
74,יסמין פרידמן,256
74,נעמה לזימי,241
74,יוראי להב הרצנו,227
74,ולדימיר בליאק,206
74,ישראל אייכלר,195
74,קארין אלהרר,192
74,מיכל מרים וולדיגר,186
74,עמית הלוי,172
74,פנינה תמנו,156
74,ארז מלול,151
74,חמד עמאר,150
74,שלום דנינו,142
74,מירב בן ארי,141
74,טלי גוטליב,139
74,אורית פרקש הכהן,136
74,לימור סון הר מלך,133
74,זאב אלקין,131
74,אופיר כץ,124
74,מיקי לוי,122
74,אלי דלל,116
74,יוליה מלינובסקי,116
74,יצחק קרויזר,115
74,עודד פורר,113
74,רון כץ,112
74,משה סעדה,110
74,יולי יואל אדלשטיין,109
74,מטי צרפתי הרכבי,103
74,אלעזר שטרן,100
74,אלון שוסטר,93
74,אליהו ברוכי,92
74,קטי קטרין שטרית,89
74,טטיאנה מזרסקי,87
74,מאיר כהן,85
74,אפרת רייטן מרום,76
74,משה סולומון,74
74,מירב כהן,73
74,שלי טל מירון,71
74,אוהד טל,70
74,בועז טופורובסקי,69
74,חנוך דב מלביצקי,65
74,סימון דוידסון,65
74,דבי ביטון,64
74,עאידה תומא סלימאן,62
74,יבגני סובה,60
74,משה טור פז,57
74,אברהם בצלאל,56
74,ששון ששי גואטה,53
74,דוד אמסלם,52
74,משה פסל,51
74,אריאל קלנר,50
74,שרן מרים השכל,48
74,אוריאל בוסו,47
74,יואב סגלוביץ',47
74,אחמד טיבי,46
74,איימן עודה,44
74,סימון מושיאשוילי,41
74,אביחי אברהם בוארון,39
74,צבי ידידיה סוכות,38
74,אלמוג כהן,36
74,אימאן ח'טיב יאסין,35
74,חוה אתי עטייה,34
74,ניסים ואטורי,34
74,שרון ניר,33
74,ירון לוי,31
74,עופר כסיף,31
74,יאסר חוג'יראת,29
74,בועז ביסמוט,28
74,יוסף עטאונה,26
74,גלית דיסטל אטבריאן,25
74,ואליד אלהואשלה,24
74,אורנה ברביבאי,19
74,מיכל שיר סגמן,18
74,רם בן ברק,18
74,מתן כהנא,16
74,ווליד טאהא,14
74,צגה מלקו,13
74,יואב קיש,11
74,עידית סילמן,11
74,מישל בוסקילה,7
74,מרב מיכאלי,7
74,אביגדור ליברמן,6
74,שלמה קרעי,6
74,דן אילוז,5
74,יפעת שאשא ביטון,4
74,משה רוט,4
74,איתמר בן גביר,3
74,ניר ברקת,3
74,חילי טרופר,2
74,בנימין גנץ,1
74,גילה גמליאל,1
74,יעקב מרגי,1
74,משה ארבל,1
75,speaker_key,2685
75,שמחה רוטמן,841
75,דוד ביטן,733
75,יעקב אשר,525
75,משה גפני,437
75,נאור שירי,275
75,ינון אזולאי,258
75,אופיר כץ,226
75,גלעד קריב,223
75,פנינה תמנו,217
75,צביקה פוגל,204
75,ישראל אייכלר,203
75,אליהו רביבו,185
75,יצחק פינדרוס,184
75,עודד פורר,181
75,מיכאל מרדכי ביטון,175
75,יוסף טייב,163
75,טלי גוטליב,154
75,יונתן מישרקי,154
75,נעמה לזימי,152
75,ולדימיר בליאק,136
75,אורית פרקש הכהן,125
75,זאב אלקין,114
75,מירב בן ארי,109
75,מיקי לוי,99
75,אפרת רייטן מרום,90
75,קארין אלהרר,90
75,אוריאל בוסו,87
75,יולי יואל אדלשטיין,87
75,יוראי להב הרצנו,86
75,לימור סון הר מלך,81
75,מיכל מרים וולדיגר,80
75,ארז מלול,78
75,סימון דוידסון,76
75,עמית הלוי,76
75,אלון שוסטר,73
75,חמד עמאר,72
75,משה סעדה,72
75,מירב כהן,69
75,יסמין פרידמן,66
75,רון כץ,63
75,אלי דלל,62
75,שלום דנינו,62
75,אוהד טל,61
75,מטי צרפתי הרכבי,61
75,דבי ביטון,59
75,עאידה תומא סלימאן,59
75,צבי ידידיה סוכות,58
75,חוה אתי עטייה,53
75,חנוך דב מלביצקי,41
75,שלמה קרעי,41
75,משה סולומון,40
75,יואב קיש,39
75,יוליה מלינובסקי,38
75,ניסים ואטורי,38
75,אלעזר שטרן,37
75,יואב סגלוביץ',35
75,משה פסל,35
75,אחמד טיבי,34
75,שלי טל מירון,34
75,אברהם בצלאל,33
75,אימאן ח'טיב יאסין,33
75,משה טור פז,33
75,יבגני סובה,32
75,שרון ניר,31
75,אליהו ברוכי,29
75,מאיר כהן,29
75,רם בן ברק,29
75,ווליד טאהא,28
75,קטי קטרין שטרית,28
75,אלמוג כהן,27
75,יאסר חוג'יראת,27
75,איימן עודה,26
75,עופר כסיף,26
75,יוסף עטאונה,25
75,בועז ביסמוט,24
75,טטיאנה מזרסקי,21
75,אביחי אברהם בוארון,20
75,מיכל שיר סגמן,20
75,שרן מרים השכל,20
75,יצחק קרויזר,19
75,אורנה ברביבאי,18
75,מתן כהנא,17
75,ששון ששי גואטה,17
75,בועז טופורובסקי,16
75,ירון לוי,16
75,מרב מיכאלי,16
75,צגה מלקו,16
75,אריאל קלנר,14
75,גלית דיסטל אטבריאן,13
75,ואליד אלהואשלה,12
75,דן אילוז,10
75,משה ארבל,10
75,משה רוט,10
75,עידן רול,10
75,יפעת שאשא ביטון,9
75,איתמר בן גביר,8
75,אביגדור ליברמן,6
75,חילי טרופר,6
75,חיים ביטון,5
75,סימון מושיאשוילי,4
75,גדעון סער,3
75,יעקב מרגי,3
75,מנסור עבאס,3
75,גדי איזנקוט,2
75,יריב לוין,2
75,משה אבוטבול,2
75,עידית סילמן,2
75,עמיחי אליהו,2
75,אבי מעוז,1
75,איתן גינזבורג,1
75,בנימין גנץ,1
75,יואב גלנט,1
75,מישל בוסקילה,1
76,speaker_key,4503
76,שמחה רוטמן,1387
76,דוד ביטן,1150
76,יעקב אשר,699
76,משה גפני,685
76,ינון אזולאי,529
76,יצחק פינדרוס,428
76,מיכאל מרדכי ביטון,406
76,אופיר כץ,395
76,ישראל אייכלר,387
76,גלעד קריב,381
76,צביקה פוגל,349
76,יוסף טייב,346
76,נאור שירי,346
76,יונתן מישרקי,327
76,נעמה לזימי,308
76,ולדימיר בליאק,298
76,עודד פורר,283
76,אליהו רביבו,268
76,פנינה תמנו,264
76,טלי גוטליב,244
76,מיקי לוי,239
76,יולי יואל אדלשטיין,185
76,סימון דוידסון,175
76,אורית פרקש הכהן,170
76,משה סעדה,170
76,עמית הלוי,162
76,קארין אלהרר,159
76,מירב כהן,158
76,לימור סון הר מלך,155
76,יסמין פרידמן,150
76,יוראי להב הרצנו,149
76,צבי ידידיה סוכות,149
76,שלום דנינו,148
76,מירב בן ארי,144
76,חמד עמאר,137
76,מיכל מרים וולדיגר,127
76,מטי צרפתי הרכבי,116
76,זאב אלקין,114
76,משה טור פז,106
76,אפרת רייטן מרום,101
76,אלי דלל,100
76,אוריאל בוסו,99
76,יוליה מלינובסקי,92
76,חנוך דב מלביצקי,91
76,ארז מלול,88
76,חוה אתי עטייה,87
76,רון כץ,86
76,אריאל קלנר,80
76,יואב סגלוביץ',72
76,קטי קטרין שטרית,70
76,אחמד טיבי,69
76,אלון שוסטר,69
76,יצחק קרויזר,67
76,שלי טל מירון,63
76,דבי ביטון,62
76,ניסים ואטורי,61
76,אלעזר שטרן,60
76,עופר כסיף,60
76,אביחי אברהם בוארון,58
76,יוסף עטאונה,58
76,עאידה תומא סלימאן,58
76,יואב קיש,57
76,משה סולומון,56
76,אוהד טל,55
76,יבגני סובה,55
76,אליהו ברוכי,54
76,טטיאנה מזרסקי,53
76,גלית דיסטל אטבריאן,51
76,שרן מרים השכל,51
76,מאיר כהן,49
76,משה פסל,49
76,שלמה קרעי,48
76,אימאן ח'טיב יאסין,46
76,בועז ביסמוט,43
76,שרון ניר,43
76,ווליד טאהא,42
76,רם בן ברק,41
76,יאסר חוג'יראת,37
76,אברהם בצלאל,35
76,צגה מלקו,35
76,ירון לוי,32
76,בועז טופורובסקי,31
76,דן אילוז,31
76,מיכל שיר סגמן,29
76,ששון ששי גואטה,27
76,אלמוג כהן,24
76,איימן עודה,21
76,אריה מכלוף דרעי,19
76,חילי טרופר,15
76,מתן כהנא,14
76,עידן רול,13
76,יפעת שאשא ביטון,12
76,מרב מיכאלי,11
76,אביגדור ליברמן,10
76,אורנה ברביבאי,10
76,סימון מושיאשוילי,10
76,חיים ביטון,9
76,מנסור עבאס,9
76,משה רוט,8
76,גדי איזנקוט,7
76,גדעון סער,7
76,איתן גינזבורג,6
76,ואליד אלהואשלה,6
76,עמיחי אליהו,6
76,עידית סילמן,5
76,דוד אמסלם,4
76,משה אבוטבול,4
76,משה ארבל,4
76,יריב לוין,3
76,אורי מקלב,2
76,איתמר בן גביר,2
76,יעקב מרגי,2
76,יצחק גולדקנופ,2
76,אבי מעוז,1
76,אורית מלכה סטרוק,1
76,אלי כהן,1
76,בנימין גנץ,1
76,יואב גלנט,1
76,יצחק שמעון וסרלאוף,1
76,מאיר פרוש,1
76,מיכאל מלכיאלי,1
76,סמיר בן סעיד,1
77,speaker_key,2540
77,דוד ביטן,585
77,שמחה רוטמן,572
77,משה גפני,415
77,יעקב אשר,355
77,ישראל אייכלר,308
77,גלעד קריב,263
77,אלי דלל,258
77,נאור שירי,255
77,פנינה תמנו,230
77,אוהד טל,225
77,מיקי לוי,213
77,ולדימיר בליאק,196
77,ינון אזולאי,192
77,יוסף טייב,191
77,מטי צרפתי הרכבי,187
77,אופיר כץ,170
77,יצחק פינדרוס,164
77,מיכאל מרדכי ביטון,152
77,צביקה פוגל,144
77,ארז מלול,142
77,טלי גוטליב,142
77,עודד פורר,139
77,אליהו רביבו,128
77,זאב אלקין,126
77,צבי ידידיה סוכות,124
77,יונתן מישרקי,123
77,נעמה לזימי,115
77,אברהם בצלאל,106
77,חמד עמאר,103
77,מתן כהנא,78
77,אפרת רייטן מרום,73
77,מירב כהן,65
77,אימאן ח'טיב יאסין,62
77,יסמין פרידמן,57
77,קארין אלהרר,57
77,מירב בן ארי,55
77,משה סעדה,55
77,משה סולומון,54
77,יאסר חוג'יראת,51
77,יוראי להב הרצנו,49
77,עמית הלוי,48
77,משה טור פז,46
77,יואב סגלוביץ',43
77,יפעת שאשא ביטון,43
77,חנוך דב מלביצקי,42
77,אלעזר שטרן,41
77,אלון שוסטר,40
77,משה פסל,39
77,דבי ביטון,38
77,אחמד טיבי,37
77,יולי יואל אדלשטיין,37
77,יצחק קרויזר,35
77,שרון ניר,32
77,חוה אתי עטייה,30
77,לימור סון הר מלך,30
77,צגה מלקו,29
77,איימן עודה,28
77,שלום דנינו,28
77,יוליה מלינובסקי,27
77,סימון דוידסון,27
77,אורית פרקש הכהן,26
77,רם בן ברק,26
77,יבגני סובה,25
77,עופר כסיף,25
77,אליהו ברוכי,24
77,אריאל קלנר,23
77,שלמה קרעי,23
77,אלמוג כהן,22
77,יוסף עטאונה,22
77,מיכל מרים וולדיגר,20
77,מאיר כהן,19
77,דוד אמסלם,18
77,דן אילוז,18
77,ירון לוי,18
77,רון כץ,17
77,בועז טופורובסקי,16
77,עאידה תומא סלימאן,15
77,אביחי אברהם בוארון,14
77,קטי קטרין שטרית,14
77,שלי טל מירון,14
77,אוריאל בוסו,13
77,ניסים ואטורי,13
77,מיכל שיר סגמן,11
77,בועז ביסמוט,8
77,ואליד אלהואשלה,8
77,ששון ששי גואטה,8
77,טטיאנה מזרסקי,7
77,משה רוט,7
77,סימון מושיאשוילי,7
77,חילי טרופר,6
77,יעקב מרגי,5
77,עידית סילמן,5
77,שרן מרים השכל,5
77,איתמר בן גביר,4
77,ווליד טאהא,4
77,אורנה ברביבאי,3
77,גדי איזנקוט,3
77,משה ארבל,3
77,אביגדור ליברמן,2
77,חיים ביטון,2
77,יואב קיש,2
77,מרב מיכאלי,2
77,משה אבוטבול,2
77,עידן רול,2
77,איתן גינזבורג,1
77,גדעון סער,1
77,מאיר פרוש,1
77,עמיחי אליהו,1
78,speaker_key,3668
78,שמחה רוטמן,1118
78,דוד ביטן,739
78,יעקב אשר,702
78,משה גפני,485
78,ישראל אייכלר,362
78,נאור שירי,341
78,ינון אזולאי,309
78,אליהו רביבו,302
78,צביקה פוגל,299
78,גלעד קריב,285
78,נעמה לזימי,279
78,מיכאל מרדכי ביטון,260
78,ולדימיר בליאק,257
78,יצחק פינדרוס,256
78,יונתן מישרקי,241
78,אופיר כץ,234
78,יוסף טייב,234
78,פנינה תמנו,225
78,עודד פורר,223
78,מיקי לוי,186
78,זאב אלקין,184
78,מירב בן ארי,182
78,טלי גוטליב,172
78,אורית פרקש הכהן,159
78,אלי דלל,155
78,עמית הלוי,153
78,מטי צרפתי הרכבי,132
78,יסמין פרידמן,130
78,לימור סון הר מלך,128
78,סימון דוידסון,117
78,מירב כהן,106
78,קארין אלהרר,102
78,אלון שוסטר,100
78,מיכל מרים וולדיגר,97
78,יוראי להב הרצנו,95
78,משה סעדה,94
78,אפרת רייטן מרום,92
78,שלום דנינו,90
78,חנוך דב מלביצקי,85
78,רון כץ,85
78,חמד עמאר,79
78,יוליה מלינובסקי,78
78,קטי קטרין שטרית,78
78,ארז מלול,76
78,משה טור פז,72
78,עאידה תומא סלימאן,72
78,אוהד טל,70
78,אוריאל בוסו,70
78,יצחק קרויזר,59
78,שלי טל מירון,58
78,דבי ביטון,57
78,בועז טופורובסקי,56
78,משה פסל,56
78,אלעזר שטרן,53
78,יואב סגלוביץ',53
78,מאיר כהן,52
78,יבגני סובה,49
78,יולי יואל אדלשטיין,48
78,אלמוג כהן,40
78,יאסר חוג'יראת,40
78,צבי ידידיה סוכות,40
78,משה סולומון,39
78,יוסף עטאונה,38
78,עופר כסיף,38
78,אברהם בצלאל,37
78,ירון לוי,35
78,שרון ניר,35
78,חוה אתי עטייה,33
78,טטיאנה מזרסקי,33
78,איימן עודה,31
78,אימאן ח'טיב יאסין,31
78,אליהו ברוכי,31
78,דן אילוז,31
78,ניסים ואטורי,29
78,בועז ביסמוט,27
78,אביחי אברהם בוארון,26
78,שרן מרים השכל,26
78,שלמה קרעי,25
78,אחמד טיבי,24
78,מיכל שיר סגמן,24
78,אריאל קלנר,23
78,משה ארבל,23
78,מתן כהנא,23
78,יואב קיש,21
78,סימון מושיאשוילי,21
78,רם בן ברק,21
78,ששון ששי גואטה,21
78,ואליד אלהואשלה,19
78,אביגדור ליברמן,18
78,עידן רול,18
78,צגה מלקו,17
78,ווליד טאהא,14
78,משה רוט,13
78,חילי טרופר,11
78,איתמר בן גביר,10
78,מרב מיכאלי,10
78,אורנה ברביבאי,9
78,גלית דיסטל אטבריאן,9
78,עמיחי אליהו,9
78,אריה מכלוף דרעי,3
78,יפעת שאשא ביטון,3
78,מאיר פרוש,3
78,מנסור עבאס,3
78,גדי איזנקוט,2
78,דוד אמסלם,2
78,יואב בן צור,2
78,עמיחי שיקלי,2
78,אלי כהן,1
78,גדעון סער,1
78,גילה גמליאל,1
78,חיים ביטון,1
78,יעל רון בן משה,1
78,יעקב מרגי,1
78,יריב לוין,1
78,מישל בוסקילה,1
78,סמיר בן סעיד,1
79,speaker_key,3647
79,שמחה רוטמן,1240
79,דוד ביטן,963
79,יעקב אשר,565
79,משה גפני,564
79,גלעד קריב,347
79,ינון אזולאי,333
79,אופיר כץ,313
79,ישראל אייכלר,284
79,יצחק פינדרוס,277
79,נאור שירי,274
79,פנינה תמנו,246
79,עודד פורר,245
79,יוסף טייב,240
79,ולדימיר בליאק,209
79,מיכאל מרדכי ביטון,207
79,צביקה פוגל,205
79,משה סעדה,204
79,נעמה לזימי,202
79,יונתן מישרקי,191
79,אליהו רביבו,186
79,טלי גוטליב,179
79,מטי צרפתי הרכבי,164
79,מיקי לוי,161
79,זאב אלקין,151
79,מירב בן ארי,147
79,אוהד טל,145
79,לימור סון הר מלך,140
79,אלי דלל,127
79,עמית הלוי,122
79,יוראי להב הרצנו,120
79,קארין אלהרר,119
79,אוריאל בוסו,116
79,סימון דוידסון,109
79,אפרת רייטן מרום,106
79,אורית פרקש הכהן,103
79,שלום דנינו,102
79,מירב כהן,98
79,יואב סגלוביץ',89
79,אלון שוסטר,86
79,יולי יואל אדלשטיין,85
79,ארז מלול,79
79,יסמין פרידמן,75
79,צבי ידידיה סוכות,73
79,איתמר בן גביר,71
79,חנוך דב מלביצקי,71
79,יבגני סובה,68
79,רון כץ,68
79,דבי ביטון,65
79,חמד עמאר,64
79,מיכל מרים וולדיגר,64
79,יוליה מלינובסקי,61
79,משה טור פז,59
79,ניסים ואטורי,57
79,אלעזר שטרן,55
79,עופר כסיף,55
79,שלמה קרעי,55
79,מאיר כהן,54
79,עאידה תומא סלימאן,54
79,אברהם בצלאל,51
79,משה סולומון,51
79,שלי טל מירון,51
79,חוה אתי עטייה,46
79,אורנה ברביבאי,42
79,יואב קיש,42
79,שרון ניר,42
79,קטי קטרין שטרית,40
79,אחמד טיבי,38
79,אימאן ח'טיב יאסין,38
79,טטיאנה מזרסקי,37
79,יאסר חוג'יראת,36
79,משה ארבל,36
79,משה פסל,35
79,רם בן ברק,35
79,אלמוג כהן,30
79,יצחק קרויזר,28
79,איימן עודה,27
79,אליהו ברוכי,27
79,ירון לוי,27
79,מיכל שיר סגמן,27
79,בועז ביסמוט,26
79,יוסף עטאונה,26
79,מתן כהנא,26
79,שרן מרים השכל,26
79,אריאל קלנר,21
79,בועז טופורובסקי,19
79,דן אילוז,17
79,ואליד אלהואשלה,16
79,צגה מלקו,16
79,ששון ששי גואטה,15
79,יפעת שאשא ביטון,14
79,אביגדור ליברמן,13
79,אביחי אברהם בוארון,12
79,עידן רול,12
79,ווליד טאהא,11
79,חילי טרופר,11
79,מרב מיכאלי,10
79,גלית דיסטל אטבריאן,8
79,מנסור עבאס,8
79,חיים ביטון,6
79,סימון מושיאשוילי,6
79,אבי דיכטר,5
79,גדי איזנקוט,5
79,מישל בוסקילה,5
79,משה רוט,5
79,גדעון סער,4
79,דוד אמסלם,4
79,עמיחי אליהו,3
79,מיכאל מלכיאלי,2
79,משה אבוטבול,2
79,אבי מעוז,1
79,אורי מקלב,1
79,עידית סילמן,1
79,עמיחי שיקלי,1
80,speaker_key,1720
80,שמחה רוטמן,746
80,דוד ביטן,669
80,צביקה פוגל,398
80,יעקב אשר,308
80,גלעד קריב,270
80,פנינה תמנו,235
80,יונתן מישרקי,234
80,נאור שירי,222
80,מיכאל מרדכי ביטון,197
80,יוסף טייב,190
80,ינון אזולאי,159
80,ישראל אייכלר,137
80,משה גפני,136
80,עמית הלוי,125
80,טלי גוטליב,122
80,קארין אלהרר,120
80,יואב סגלוביץ',88
80,יצחק פינדרוס,82
80,אופיר כץ,79
80,עודד פורר,74
80,אפרת רייטן מרום,73
80,אליהו רביבו,72
80,מטי צרפתי הרכבי,72
80,נעמה לזימי,65
80,שלום דנינו,62
80,לימור סון הר מלך,61
80,ולדימיר בליאק,60
80,משה סעדה,59
80,סימון דוידסון,57
80,מירב בן ארי,53
80,אלעזר שטרן,52
80,יוראי להב הרצנו,52
80,מיקי לוי,51
80,זאב אלקין,46
80,יסמין פרידמן,45
80,משה טור פז,43
80,מירב כהן,41
80,אריאל קלנר,39
80,מיכל מרים וולדיגר,39
80,יוסף עטאונה,38
80,דבי ביטון,35
80,אלי דלל,33
80,יצחק קרויזר,32
80,יולי יואל אדלשטיין,30
80,ארז מלול,29
80,יוליה מלינובסקי,28
80,אורית פרקש הכהן,27
80,גלית דיסטל אטבריאן,27
80,אלון שוסטר,25
80,אברהם בצלאל,23
80,צבי ידידיה סוכות,23
80,חנוך דב מלביצקי,22
80,מאיר כהן,21
80,משה סולומון,21
80,אוריאל בוסו,20
80,חמד עמאר,20
80,משה פסל,20
80,אליהו ברוכי,19
80,ירון לוי,19
80,עאידה תומא סלימאן,19
80,אוהד טל,18
80,ניסים ואטורי,18
80,קטי קטרין שטרית,18
80,טטיאנה מזרסקי,17
80,בועז טופורובסקי,16
80,חוה אתי עטייה,15
80,רם בן ברק,15
80,שלי טל מירון,15
80,אביחי אברהם בוארון,14
80,אלמוג כהן,14
80,אחמד טיבי,13
80,איימן עודה,13
80,יואב קיש,13
80,בועז ביסמוט,12
80,רון כץ,12
80,מתן כהנא,10
80,עופר כסיף,10
80,צגה מלקו,10
80,ווליד טאהא,9
80,יאסר חוג'יראת,9
80,מרב מיכאלי,8
80,יבגני סובה,7
80,אימאן ח'טיב יאסין,6
80,איתמר בן גביר,6
80,משה רוט,6
80,שרון ניר,6
80,משה ארבל,5
80,אורנה ברביבאי,4
80,גדעון סער,4
80,שלמה קרעי,4
80,דן אילוז,3
80,יפעת שאשא ביטון,3
80,מיכל שיר סגמן,3
80,שרן מרים השכל,3
80,אביגדור ליברמן,2
80,מישל בוסקילה,2
80,מנסור עבאס,2
80,משה אבוטבול,2
80,סימון מושיאשוילי,2
80,עידית סילמן,2
80,ששון ששי גואטה,2
80,גדי איזנקוט,1
80,דוד אמסלם,1
80,מאיר פרוש,1
80,עידן רול,1
81,speaker_key,1392
81,שמחה רוטמן,595
81,דוד ביטן,443
81,משה גפני,304
81,ישראל אייכלר,276
81,יוסף טייב,269
81,יסמין פרידמן,225
81,נאור שירי,203
81,יונתן מישרקי,196
81,אלי דלל,184
81,יעקב אשר,180
81,מיקי לוי,149
81,מירב כהן,125
81,סימון דוידסון,125
81,אורית פרקש הכהן,114
81,מירב בן ארי,112
81,לימור סון הר מלך,101
81,עודד פורר,100
81,אופיר כץ,94
81,ינון אזולאי,93
81,אליהו רביבו,79
81,שלום דנינו,79
81,נעמה לזימי,74
81,טלי גוטליב,73
81,גלעד קריב,67
81,ולדימיר בליאק,51
81,חוה אתי עטייה,40
81,חמד עמאר,35
81,יוראי להב הרצנו,33
81,מיכל מרים וולדיגר,33
81,יצחק פינדרוס,28
81,משה סולומון,27
81,בועז ביסמוט,26
81,משה טור פז,25
81,עופר כסיף,24
81,דבי ביטון,23
81,יבגני סובה,22
81,יואב סגלוביץ',22
81,יצחק קרויזר,21
81,אוהד טל,19
81,צביקה פוגל,18
81,קארין אלהרר,18
81,יפעת שאשא ביטון,17
81,מטי צרפתי הרכבי,16
81,פנינה תמנו,16
81,יולי יואל אדלשטיין,13
81,עמית הלוי,13
81,רון כץ,13
81,אפרת רייטן מרום,12
81,ואליד אלהואשלה,12
81,טטיאנה מזרסקי,12
81,עאידה תומא סלימאן,12
81,ארז מלול,11
81,משה סעדה,11
81,אימאן ח'טיב יאסין,10
81,צגה מלקו,10
81,אלמוג כהן,9
81,מיכאל מרדכי ביטון,9
81,משה רוט,8
81,סימון מושיאשוילי,8
81,אלעזר שטרן,7
81,אריאל קלנר,7
81,יוסף עטאונה,7
81,רם בן ברק,7
81,שלי טל מירון,7
81,זאב אלקין,6
81,ירון לוי,6
81,מיכל שיר סגמן,5
81,צבי ידידיה סוכות,5
81,שרון ניר,5
81,אביחי אברהם בוארון,4
81,אוריאל בוסו,4
81,חנוך דב מלביצקי,4
81,יאסר חוג'יראת,4
81,יוליה מלינובסקי,4
81,מאיר כהן,4
81,אחמד טיבי,3
81,אלון שוסטר,3
81,אליהו ברוכי,3
81,יואב קיש,3
81,משה פסל,3
81,מתן כהנא,3
81,שרן מרים השכל,3
81,ששון ששי גואטה,3
81,אורנה ברביבאי,2
81,בועז טופורובסקי,2
81,גילה גמליאל,2
81,דוד אמסלם,2
81,חילי טרופר,2
81,אברהם בצלאל,1
81,איימן עודה,1
81,בנימין גנץ,1
81,דן אילוז,1
81,ווליד טאהא,1
81,יעל רון בן משה,1
81,ניסים ואטורי,1
81,עידן רול,1
81,קטי קטרין שטרית,1
81,שלמה קרעי,1
82,speaker_key,3155
82,שמחה רוטמן,733
82,יעקב אשר,614
82,דוד ביטן,589
82,נאור שירי,332
82,משה גפני,286
82,גלעד קריב,276
82,יוסף טייב,242
82,צביקה פוגל,216
82,יונתן מישרקי,197
82,ישראל אייכלר,196
82,עודד פורר,156
82,ינון אזולאי,146
82,אליהו רביבו,139
82,יצחק פינדרוס,134
82,נעמה לזימי,132
82,עמית הלוי,132
82,מיכאל מרדכי ביטון,130
82,ולדימיר בליאק,128
82,טלי גוטליב,128
82,יסמין פרידמן,120
82,משה סעדה,120
82,אופיר כץ,119
82,יוראי להב הרצנו,118
82,זאב אלקין,106
82,פנינה תמנו,106
82,יוליה מלינובסקי,102
82,יולי יואל אדלשטיין,96
82,מיקי לוי,93
82,יואב סגלוביץ',89
82,קארין אלהרר,88
82,רון כץ,79
82,אריאל קלנר,77
82,שלום דנינו,72
82,אוריאל בוסו,70
82,אפרת רייטן מרום,70
82,מיכל מרים וולדיגר,70
82,צבי ידידיה סוכות,69
82,מטי צרפתי הרכבי,67
82,ניסים ואטורי,67
82,מירב בן ארי,61
82,אלי דלל,60
82,מירב כהן,54
82,חנוך דב מלביצקי,51
82,עאידה תומא סלימאן,51
82,אביחי אברהם בוארון,50
82,שלי טל מירון,47
82,אורית פרקש הכהן,44
82,יבגני סובה,44
82,חמד עמאר,42
82,לימור סון הר מלך,42
82,חוה אתי עטייה,41
82,אליהו ברוכי,40
82,סימון דוידסון,40
82,ארז מלול,39
82,דבי ביטון,39
82,קטי קטרין שטרית,39
82,טטיאנה מזרסקי,38
82,אלון שוסטר,36
82,בועז ביסמוט,34
82,אלעזר שטרן,32
82,מאיר כהן,32
82,בועז טופורובסקי,31
82,משה ארבל,31
82,יצחק קרויזר,29
82,משה טור פז,28
82,משה סולומון,26
82,משה פסל,25
82,אברהם בצלאל,23
82,מיכל שיר סגמן,23
82,יאסר חוג'יראת,22
82,אימאן ח'טיב יאסין,21
82,שרון ניר,21
82,שרן מרים השכל,20
82,עידן רול,17
82,רם בן ברק,17
82,אחמד טיבי,16
82,דן אילוז,16
82,איימן עודה,15
82,סימון מושיאשוילי,15
82,אוהד טל,14
82,ירון לוי,14
82,עופר כסיף,14
82,ששון ששי גואטה,14
82,חילי טרופר,13
82,ווליד טאהא,12
82,צגה מלקו,12
82,אלמוג כהן,11
82,יוסף עטאונה,9
82,יפעת שאשא ביטון,9
82,מתן כהנא,8
82,אביגדור ליברמן,7
82,גלית דיסטל אטבריאן,7
82,דוד אמסלם,7
82,שלמה קרעי,7
82,איתן גינזבורג,6
82,יואב קיש,5
82,סמיר בן סעיד,4
82,ואליד אלהואשלה,3
82,אבי מעוז,2
82,אורנה ברביבאי,2
82,חיים ביטון,2
82,משה רוט,2
82,גדי איזנקוט,1
82,גדעון סער,1
82,יריב לוין,1
82,מישל בוסקילה,1
82,מרב מיכאלי,1
83,speaker_key,3565
83,שמחה רוטמן,1132
83,דוד ביטן,853
83,יעקב אשר,743
83,משה גפני,570
83,ינון אזולאי,388
83,גלעד קריב,340
83,נאור שירי,339
83,אליהו רביבו,332
83,יוסף טייב,323
83,צביקה פוגל,316
83,יצחק פינדרוס,298
83,אופיר כץ,297
83,מיכאל מרדכי ביטון,284
83,ולדימיר בליאק,272
83,נעמה לזימי,272
83,ישראל אייכלר,269
83,יונתן מישרקי,263
83,עודד פורר,246
83,פנינה תמנו,242
83,מיקי לוי,212
83,זאב אלקין,203
83,מטי צרפתי הרכבי,192
83,טלי גוטליב,181
83,קארין אלהרר,180
83,אלי דלל,161
83,מירב בן ארי,161
83,עמית הלוי,155
83,לימור סון הר מלך,154
83,שלום דנינו,135
83,יוראי להב הרצנו,133
83,משה סעדה,129
83,סימון דוידסון,122
83,אפרת רייטן מרום,108
83,אורית פרקש הכהן,105
83,ארז מלול,100
83,חמד עמאר,98
83,מירב כהן,98
83,יסמין פרידמן,87
83,אלעזר שטרן,86
83,חנוך דב מלביצקי,86
83,מיכל מרים וולדיגר,86
83,משה טור פז,83
83,עאידה תומא סלימאן,81
83,יולי יואל אדלשטיין,80
83,רון כץ,78
83,אוהד טל,77
83,אלון שוסטר,77
83,אוריאל בוסו,76
83,יוליה מלינובסקי,68
83,יואב סגלוביץ',66
83,צבי ידידיה סוכות,63
83,משה סולומון,62
83,אברהם בצלאל,60
83,שלי טל מירון,60
83,ניסים ואטורי,59
83,דבי ביטון,57
83,קטי קטרין שטרית,56
83,יבגני סובה,55
83,אריאל קלנר,49
83,מאיר כהן,47
83,חוה אתי עטייה,42
83,שרון ניר,42
83,אחמד טיבי,40
83,איתמר בן גביר,40
83,שרן מרים השכל,40
83,יצחק קרויזר,39
83,אביחי אברהם בוארון,38
83,עופר כסיף,38
83,אלמוג כהן,37
83,בועז טופורובסקי,37
83,משה פסל,37
83,איימן עודה,35
83,יוסף עטאונה,35
83,יואב קיש,33
83,בועז ביסמוט,32
83,מיכל שיר סגמן,31
83,משה ארבל,30
83,אימאן ח'טיב יאסין,29
83,אליהו ברוכי,29
83,טטיאנה מזרסקי,29
83,יאסר חוג'יראת,29
83,ירון לוי,28
83,שלמה קרעי,25
83,צגה מלקו,24
83,אביגדור ליברמן,23
83,מתן כהנא,23
83,אורנה ברביבאי,21
83,גלית דיסטל אטבריאן,17
83,רם בן ברק,14
83,ששון ששי גואטה,13
83,ווליד טאהא,12
83,חילי טרופר,9
83,יפעת שאשא ביטון,9
83,משה רוט,9
83,עמיחי אליהו,9
83,עידן רול,8
83,מישל בוסקילה,7
83,דן אילוז,6
83,ואליד אלהואשלה,6
83,מרב מיכאלי,6
83,חיים ביטון,4
83,סימון מושיאשוילי,4
83,גדעון סער,2
83,אופיר סופר,1
83,איתן גינזבורג,1
83,אריה מכלוף דרעי,1
83,בנימין גנץ,1
83,גדי איזנקוט,1
83,יואב בן צור,1
83,יעל רון בן משה,1
83,מאיר פרוש,1
83,מנסור עבאס,1
84,speaker_key,3282
84,שמחה רוטמן,1074
84,דוד ביטן,726
84,יעקב אשר,711
84,משה גפני,451
84,נאור שירי,376
84,יצחק פינדרוס,319
84,ינון אזולאי,270
84,גלעד קריב,257
84,יונתן מישרקי,250
84,ישראל אייכלר,245
84,ולדימיר בליאק,234
84,יוסף טייב,207
84,מירב בן ארי,207
84,צביקה פוגל,200
84,אליהו רביבו,198
84,נעמה לזימי,194
84,מיכאל מרדכי ביטון,185
84,ארז מלול,183
84,פנינה תמנו,177
84,קארין אלהרר,171
84,משה סעדה,169
84,עודד פורר,166
84,מיקי לוי,162
84,טלי גוטליב,153
84,אופיר כץ,152
84,יואב סגלוביץ',147
84,אורית פרקש הכהן,132
84,יולי יואל אדלשטיין,127
84,חנוך דב מלביצקי,124
84,חמד עמאר,122
84,שלום דנינו,120
84,חוה אתי עטייה,113
84,לימור סון הר מלך,110
84,אלי דלל,107
84,יוראי להב הרצנו,93
84,יסמין פרידמן,90
84,אוריאל בוסו,88
84,יואב קיש,86
84,עמית הלוי,86
84,סימון דוידסון,83
84,זאב אלקין,81
84,מטי צרפתי הרכבי,77
84,צבי ידידיה סוכות,70
84,רון כץ,68
84,אפרת רייטן מרום,66
84,יוליה מלינובסקי,61
84,מיכל מרים וולדיגר,60
84,מירב כהן,59
84,אלון שוסטר,56
84,אלעזר שטרן,53
84,אחמד טיבי,52
84,דבי ביטון,48
84,ניסים ואטורי,48
84,בועז ביסמוט,46
84,עאידה תומא סלימאן,45
84,אברהם בצלאל,44
84,אביחי אברהם בוארון,42
84,אוהד טל,41
84,יבגני סובה,41
84,שלי טל מירון,41
84,יצחק קרויזר,37
84,שרון ניר,37
84,אימאן ח'טיב יאסין,36
84,ווליד טאהא,35
84,משה טור פז,35
84,יוסף עטאונה,34
84,משה פסל,34
84,קטי קטרין שטרית,33
84,מאיר כהן,32
84,ירון לוי,30
84,טטיאנה מזרסקי,28
84,עופר כסיף,28
84,אריאל קלנר,25
84,שלמה קרעי,25
84,אליהו ברוכי,23
84,מתן כהנא,22
84,אלמוג כהן,20
84,משה סולומון,20
84,צגה מלקו,20
84,מיכל שיר סגמן,19
84,רם בן ברק,18
84,ששון ששי גואטה,18
84,איימן עודה,16
84,עמיחי שיקלי,16
84,שרן מרים השכל,16
84,בועז טופורובסקי,15
84,משה רוט,15
84,חילי טרופר,14
84,יאסר חוג'יראת,14
84,מרב מיכאלי,14
84,עידן רול,14
84,סימון מושיאשוילי,13
84,אביגדור ליברמן,12
84,דן אילוז,11
84,גלית דיסטל אטבריאן,7
84,ואליד אלהואשלה,7
84,חיים ביטון,7
84,אריה מכלוף דרעי,6
84,אורנה ברביבאי,5
84,יפעת שאשא ביטון,5
84,מישל בוסקילה,5
84,עמיחי אליהו,5
84,אבי מעוז,4
84,גדי איזנקוט,4
84,מנסור עבאס,4
84,דוד אמסלם,3
84,יצחק שמעון וסרלאוף,3
84,אורי מקלב,2
84,גדעון סער,2
84,יריב לוין,2
84,משה ארבל,2
84,עידית סילמן,2
84,איתן גינזבורג,1
84,יעקב מרגי,1
85,speaker_key,2993
85,שמחה רוטמן,1012
85,משה גפני,591
85,נאור שירי,543
85,יעקב אשר,450
85,חמד עמאר,379
85,יונתן מישרקי,354
85,עודד פורר,349
85,ינון אזולאי,322
85,דוד ביטן,317
85,צביקה פוגל,291
85,ישראל אייכלר,254
85,גלעד קריב,251
85,יוסף טייב,246
85,יוראי להב הרצנו,218
85,יסמין פרידמן,211
85,חוה אתי עטייה,209
85,ניסים ואטורי,203
85,קטי קטרין שטרית,156
85,נעמה לזימי,151
85,מטי צרפתי הרכבי,141
85,אליהו רביבו,132
85,עמית הלוי,130
85,סימון דוידסון,126
85,אלון שוסטר,121
85,מיקי לוי,121
85,יצחק פינדרוס,117
85,עמיחי אליהו,116
85,מיכל מרים וולדיגר,115
85,דבי ביטון,113
85,אורית פרקש הכהן,111
85,משה טור פז,101
85,אלי דלל,99
85,זאב אלקין,93
85,אוהד טל,82
85,משה פסל,80
85,אופיר כץ,79
85,ולדימיר בליאק,75
85,טלי גוטליב,70
85,מיכאל מרדכי ביטון,63
85,קארין אלהרר,61
85,שלי טל מירון,60
85,ארז מלול,56
85,רון כץ,54
85,מירב בן ארי,53
85,יאסר חוג'יראת,49
85,אברהם בצלאל,48
85,מאיר כהן,44
85,אלעזר שטרן,41
85,לימור סון הר מלך,40
85,יוסף עטאונה,39
85,יבגני סובה,38
85,שלום דנינו,38
85,איימן עודה,37
85,עופר כסיף,37
85,יואב סגלוביץ',35
85,עאידה תומא סלימאן,35
85,טטיאנה מזרסקי,33
85,משה סולומון,30
85,אריאל קלנר,27
85,יריב לוין,27
85,אביחי אברהם בוארון,26
85,אפרת רייטן מרום,26
85,אליהו ברוכי,24
85,משה סעדה,24
85,אחמד טיבי,21
85,מירב כהן,20
85,אימאן ח'טיב יאסין,18
85,צבי ידידיה סוכות,18
85,פנינה תמנו,17
85,יולי יואל אדלשטיין,15
85,יצחק קרויזר,14
85,שרון ניר,14
85,בועז טופורובסקי,13
85,דוד אמסלם,11
85,ואליד אלהואשלה,11
85,אוריאל בוסו,9
85,חנוך דב מלביצקי,9
85,יוליה מלינובסקי,9
85,אלמוג כהן,8
85,דן אילוז,8
85,בועז ביסמוט,7
85,מתן כהנא,7
85,מרב מיכאלי,6
85,סימון מושיאשוילי,6
85,איתן גינזבורג,5
85,צגה מלקו,5
85,גדעון סער,4
85,חיים ביטון,4
85,משה ארבל,4
85,עידן רול,4
85,שרן מרים השכל,4
85,מיכל שיר סגמן,3
85,שלמה קרעי,3
85,אורנה ברביבאי,2
85,חילי טרופר,2
85,ירון לוי,2
85,משה רוט,2
85,עפיף עבד,2
85,ששון ששי גואטה,2
85,איתמר בן גביר,1
85,יפעת שאשא ביטון,1
85,מנסור עבאס,1
85,רם בן ברק,1
86,speaker_key,4994
86,שמחה רוטמן,1298
86,דוד ביטן,1168
86,משה גפני,678
86,יעקב אשר,598
86,גלעד קריב,445
86,נאור שירי,366
86,יצחק פינדרוס,362
86,ישראל אייכלר,345
86,יוסף טייב,311
86,צביקה פוגל,311
86,ינון אזולאי,302
86,יונתן מישרקי,283
86,טלי גוטליב,261
86,אופיר כץ,257
86,נעמה לזימי,255
86,עודד פורר,249
86,מיכאל מרדכי ביטון,235
86,אליהו רביבו,234
86,ולדימיר בליאק,234
86,מיקי לוי,233
86,פנינה תמנו,227
86,שלום דנינו,216
86,יולי יואל אדלשטיין,214
86,זאב אלקין,187
86,עמית הלוי,164
86,מירב בן ארי,160
86,חמד עמאר,159
86,יוראי להב הרצנו,159
86,מירב כהן,159
86,קארין אלהרר,155
86,לימור סון הר מלך,149
86,צבי ידידיה סוכות,145
86,חוה אתי עטייה,139
86,מטי צרפתי הרכבי,134
86,יסמין פרידמן,125
86,אפרת רייטן מרום,115
86,משה סעדה,109
86,אברהם בצלאל,105
86,אוריאל בוסו,99
86,סימון דוידסון,99
86,מיכל מרים וולדיגר,96
86,חנוך דב מלביצקי,95
86,דבי ביטון,91
86,יוליה מלינובסקי,90
86,יואב סגלוביץ',86
86,אלון שוסטר,79
86,אלי דלל,79
86,רון כץ,79
86,אורית פרקש הכהן,78
86,ארז מלול,77
86,יבגני סובה,73
86,משה טור פז,70
86,שרון ניר,63
86,אריאל קלנר,60
86,אלעזר שטרן,58
86,יוסף עטאונה,56
86,ניסים ואטורי,55
86,עאידה תומא סלימאן,55
86,אוהד טל,54
86,קטי קטרין שטרית,52
86,אביחי אברהם בוארון,50
86,יצחק קרויזר,48
86,ששון ששי גואטה,47
86,טטיאנה מזרסקי,45
86,משה פסל,45
86,שלמה קרעי,45
86,משה סולומון,44
86,רם בן ברק,44
86,אחמד טיבי,43
86,בועז ביסמוט,43
86,אליהו ברוכי,41
86,יואב קיש,38
86,אלמוג כהן,35
86,שלי טל מירון,34
86,מאיר כהן,33
86,עופר כסיף,33
86,ירון לוי,31
86,איימן עודה,29
86,שרן מרים השכל,29
86,יאסר חוג'יראת,28
86,מתן כהנא,27
86,בועז טופורובסקי,26
86,דן אילוז,26
86,אורנה ברביבאי,25
86,אימאן ח'טיב יאסין,23
86,מיכל שיר סגמן,20
86,גלית דיסטל אטבריאן,17
86,עידן רול,15
86,סימון מושיאשוילי,14
86,צגה מלקו,14
86,ואליד אלהואשלה,13
86,יפעת שאשא ביטון,12
86,משה ארבל,10
86,עמיחי שיקלי,9
86,אביגדור ליברמן,8
86,אבי מעוז,7
86,איתמר בן גביר,7
86,ווליד טאהא,7
86,מרב מיכאלי,7
86,חילי טרופר,6
86,משה רוט,6
86,מישל בוסקילה,5
86,מנסור עבאס,5
86,משה אבוטבול,5
86,גדעון סער,4
86,דוד אמסלם,4
86,עמיחי אליהו,3
86,יריב לוין,2
86,מיכאל מלכיאלי,2
86,אורי מקלב,1
86,אמיר אוחנה,1
86,גדי איזנקוט,1
86,סמיר בן סעיד,1
87,speaker_key,3572
87,דוד ביטן,939
87,שמחה רוטמן,913
87,יעקב אשר,788
87,משה גפני,396
87,יוסף טייב,354
87,ינון אזולאי,348
87,נאור שירי,346
87,ולדימיר בליאק,293
87,יונתן מישרקי,290
87,גלעד קריב,284
87,צביקה פוגל,251
87,ישראל אייכלר,239
87,מיקי לוי,224
87,יצחק פינדרוס,219
87,מיכאל מרדכי ביטון,198
87,נעמה לזימי,190
87,אליהו רביבו,183
87,פנינה תמנו,176
87,עמית הלוי,170
87,אופיר כץ,161
87,טלי גוטליב,153
87,עודד פורר,146
87,מירב בן ארי,131
87,זאב אלקין,122
87,לימור סון הר מלך,121
87,יסמין פרידמן,107
87,קארין אלהרר,106
87,אליהו ברוכי,105
87,מירב כהן,104
87,אפרת רייטן מרום,103
87,שלום דנינו,103
87,אלי דלל,100
87,יוראי להב הרצנו,92
87,אביחי אברהם בוארון,87
87,יוסף עטאונה,82
87,מטי צרפתי הרכבי,80
87,יולי יואל אדלשטיין,79
87,אלון שוסטר,78
87,מיכל מרים וולדיגר,74
87,סימון דוידסון,74
87,ארז מלול,64
87,אוריאל בוסו,63
87,יואב סגלוביץ',63
87,שלי טל מירון,63
87,אורית פרקש הכהן,56
87,משה סעדה,56
87,קטי קטרין שטרית,56
87,יצחק קרויזר,55
87,אוהד טל,54
87,יוליה מלינובסקי,51
87,אלעזר שטרן,49
87,ניסים ואטורי,49
87,רון כץ,49
87,משה פסל,48
87,אחמד טיבי,47
87,חנוך דב מלביצקי,47
87,טטיאנה מזרסקי,45
87,דבי ביטון,44
87,ירון לוי,44
87,אברהם בצלאל,41
87,אריאל קלנר,40
87,יבגני סובה,40
87,עאידה תומא סלימאן,40
87,צבי ידידיה סוכות,40
87,אלמוג כהן,38
87,חמד עמאר,38
87,בועז טופורובסקי,37
87,ששון ששי גואטה,36
87,מאיר כהן,34
87,משה סולומון,34
87,עופר כסיף,34
87,יואב קיש,29
87,חוה אתי עטייה,28
87,בועז ביסמוט,27
87,שרן מרים השכל,26
87,יאסר חוג'יראת,25
87,אימאן ח'טיב יאסין,22
87,משה טור פז,22
87,שרון ניר,22
87,שלמה קרעי,20
87,ווליד טאהא,18
87,רם בן ברק,18
87,איימן עודה,16
87,משה רוט,16
87,מרב מיכאלי,14
87,אורנה ברביבאי,10
87,גלית דיסטל אטבריאן,10
87,דן אילוז,10
87,ואליד אלהואשלה,10
87,מיכל שיר סגמן,10
87,צגה מלקו,9
87,עידן רול,8
87,אביגדור ליברמן,7
87,יפעת שאשא ביטון,7
87,מנסור עבאס,7
87,מתן כהנא,7
87,עמיחי אליהו,7
87,סימון מושיאשוילי,6
87,גדי איזנקוט,5
87,חילי טרופר,5
87,מישל בוסקילה,5
87,יריב לוין,3
87,משה ארבל,3
87,יאיר לפיד,2
87,אבי מעוז,1
87,בנימין גנץ,1
87,דוד אמסלם,1
87,חיים ביטון,1
88,speaker_key,1924
88,שמחה רוטמן,1030
88,דוד ביטן,352
88,ולדימיר בליאק,320
88,נעמה לזימי,279
88,גלעד קריב,247
88,עודד פורר,229
88,יצחק פינדרוס,225
88,יעקב אשר,224
88,מירב כהן,189
88,מיקי לוי,169
88,משה גפני,147
88,ינון אזולאי,123
88,טלי גוטליב,111
88,מיכאל מרדכי ביטון,105
88,משה פסל,105
88,ישראל אייכלר,102
88,נאור שירי,101
88,חמד עמאר,94
88,אופיר כץ,87
88,יונתן מישרקי,85
88,יולי יואל אדלשטיין,82
88,ארז מלול,69
88,מיכל שיר סגמן,68
88,צביקה פוגל,65
88,עופר כסיף,58
88,אליהו רביבו,57
88,דבי ביטון,56
88,יסמין פרידמן,56
88,יוסף טייב,52
88,משה סעדה,52
88,קארין אלהרר,49
88,אורית פרקש הכהן,48
88,קטי קטרין שטרית,48
88,אלי דלל,42
88,מיכל מרים וולדיגר,42
88,שלום דנינו,41
88,פנינה תמנו,39
88,אורנה ברביבאי,38
88,אלון שוסטר,38
88,יוראי להב הרצנו,38
88,מטי צרפתי הרכבי,35
88,שלי טל מירון,35
88,אברהם בצלאל,34
88,איימן עודה,33
88,שרון ניר,30
88,ששון ששי גואטה,29
88,ניסים ואטורי,23
88,עמית הלוי,23
88,דן אילוז,17
88,חוה אתי עטייה,17
88,עאידה תומא סלימאן,16
88,יאסר חוג'יראת,15
88,סימון דוידסון,13
88,אלמוג כהן,12
88,חנוך דב מלביצקי,12
88,טטיאנה מזרסקי,11
88,מירב בן ארי,11
88,אחמד טיבי,10
88,זאב אלקין,10
88,יואב סגלוביץ',10
88,לימור סון הר מלך,10
88,משה סולומון,8
88,צבי ידידיה סוכות,8
88,ירון לוי,7
88,יבגני סובה,6
88,מאיר כהן,6
88,משה טור פז,6
88,אפרת רייטן מרום,5
88,אליהו ברוכי,4
88,יוליה מלינובסקי,4
88,רון כץ,4
88,אביגדור ליברמן,3
88,אוהד טל,3
88,אוריאל בוסו,3
88,אימאן ח'טיב יאסין,3
88,אלעזר שטרן,3
88,חיים ביטון,3
88,יצחק קרויזר,3
88,רם בן ברק,3
88,דוד אמסלם,2
88,ואליד אלהואשלה,2
88,ווליד טאהא,2
88,משה רוט,2
88,אביחי אברהם בוארון,1
88,אריאל קלנר,1
88,בועז ביסמוט,1
88,בועז טופורובסקי,1
88,יפעת שאשא ביטון,1
89,speaker_key,4498
89,דוד ביטן,1452
89,שמחה רוטמן,1320
89,יעקב אשר,921
89,גלעד קריב,653
89,ישראל אייכלר,541
89,משה גפני,474
89,יונתן מישרקי,425
89,ינון אזולאי,386
89,נעמה לזימי,379
89,נאור שירי,373
89,אליהו רביבו,371
89,יוסף טייב,357
89,צביקה פוגל,329
89,מיקי לוי,311
89,אופיר כץ,310
89,מיכאל מרדכי ביטון,298
89,ולדימיר בליאק,296
89,פנינה תמנו,290
89,יצחק פינדרוס,282
89,טלי גוטליב,238
89,קארין אלהרר,234
89,אלי דלל,228
89,עמית הלוי,227
89,עודד פורר,207
89,שלום דנינו,182
89,יסמין פרידמן,179
89,מירב בן ארי,171
89,אורית פרקש הכהן,164
89,זאב אלקין,161
89,לימור סון הר מלך,150
89,מירב כהן,148
89,מיכל מרים וולדיגר,137
89,יוראי להב הרצנו,133
89,יולי יואל אדלשטיין,131
89,קטי קטרין שטרית,129
89,מטי צרפתי הרכבי,127
89,רון כץ,125
89,חנוך דב מלביצקי,119
89,אפרת רייטן מרום,118
89,צבי ידידיה סוכות,114
89,דבי ביטון,110
89,ארז מלול,108
89,חמד עמאר,103
89,יוסף עטאונה,94
89,משה טור פז,91
89,סימון דוידסון,91
89,אברהם בצלאל,84
89,אלון שוסטר,82
89,עאידה תומא סלימאן,80
89,אלעזר שטרן,77
89,אלמוג כהן,76
89,משה סעדה,76
89,יאסר חוג'יראת,74
89,יצחק קרויזר,69
89,אביחי אברהם בוארון,61
89,אחמד טיבי,61
89,בועז טופורובסקי,56
89,יואב סגלוביץ',56
89,צגה מלקו,56
89,ווליד טאהא,54
89,שלי טל מירון,53
89,אריאל קלנר,51
89,טטיאנה מזרסקי,51
89,ניסים ואטורי,51
89,ששון ששי גואטה,50
89,יבגני סובה,46
89,משה פסל,46
89,אורנה ברביבאי,45
89,אימאן ח'טיב יאסין,41
89,אליהו ברוכי,41
89,מאיר כהן,41
89,שרון ניר,41
89,משה סולומון,40
89,עופר כסיף,40
89,יוליה מלינובסקי,39
89,שלמה קרעי,38
89,אוריאל בוסו,37
89,ירון לוי,37
89,שרן מרים השכל,35
89,חוה אתי עטייה,33
89,אוהד טל,32
89,יואב קיש,30
89,דן אילוז,26
89,מיכל שיר סגמן,23
89,רם בן ברק,23
89,בועז ביסמוט,22
89,איימן עודה,21
89,מתן כהנא,16
89,מרב מיכאלי,12
89,ואליד אלהואשלה,11
89,יפעת שאשא ביטון,11
89,גלית דיסטל אטבריאן,10
89,סימון מושיאשוילי,10
89,מישל בוסקילה,8
89,משה רוט,8
89,אמיר אוחנה,6
89,גילה גמליאל,5
89,עידן רול,5
89,איתמר בן גביר,4
89,גדי איזנקוט,4
89,אביגדור ליברמן,2
89,גדעון סער,2
89,יעקב מרגי,2
89,ניר ברקת,2
89,בנימין גנץ,1
89,דוד אמסלם,1
89,חיים ביטון,1
89,יצחק שמעון וסרלאוף,1
89,יריב לוין,1
89,משה ארבל,1
89,עמיחי אליהו,1
90,speaker_key,1840
90,שמחה רוטמן,709
90,ינון אזולאי,467
90,דוד ביטן,458
90,יעקב אשר,328
90,יולי יואל אדלשטיין,271
90,יונתן מישרקי,211
90,יסמין פרידמן,184
90,צבי ידידיה סוכות,162
90,משה גפני,160
90,טלי גוטליב,125
90,אליהו רביבו,121
90,אלעזר שטרן,119
90,אלי דלל,112
90,מיכל מרים וולדיגר,90
90,ישראל אייכלר,83
90,צביקה פוגל,83
90,יצחק פינדרוס,80
90,שלום דנינו,79
90,סימון דוידסון,59
90,יוסף טייב,58
90,גלעד קריב,57
90,אורית פרקש הכהן,53
90,ולדימיר בליאק,53
90,ששון ששי גואטה,50
90,ארז מלול,44
90,משה סעדה,42
90,אוהד טל,37
90,יוסף עטאונה,34
90,דבי ביטון,29
90,יאסר חוג'יראת,29
90,יואב סגלוביץ',28
90,מאיר כהן,27
90,לימור סון הר מלך,22
90,רם בן ברק,22
90,קארין אלהרר,21
90,פנינה תמנו,18
90,טטיאנה מזרסקי,17
90,נאור שירי,17
90,עודד פורר,17
90,אפרת רייטן מרום,16
90,אופיר כץ,15
90,מיכאל מרדכי ביטון,15
90,שרון ניר,14
90,יבגני סובה,13
90,אחמד טיבי,10
90,משה טור פז,10
90,איימן עודה,8
90,חמד עמאר,8
90,משה סולומון,8
90,עופר כסיף,8
90,אלון שוסטר,7
90,נעמה לזימי,7
90,עאידה תומא סלימאן,7
90,יוליה מלינובסקי,6
90,יוראי להב הרצנו,6
90,מירב כהן,6
90,אברהם בצלאל,5
90,מירב בן ארי,5
90,סימון מושיאשוילי,5
90,מטי צרפתי הרכבי,4
90,מיקי לוי,4
90,עמיחי שיקלי,4
90,שלי טל מירון,4
90,אימאן ח'טיב יאסין,3
90,בועז ביסמוט,3
90,מיכל שיר סגמן,3
90,אליהו ברוכי,2
90,זאב אלקין,2
90,אוריאל בוסו,1
90,אריאל קלנר,1
90,חנוך דב מלביצקי,1
90,יאיר לפיד,1
90,יואב קיש,1
90,יצחק קרויזר,1
90,מרב מיכאלי,1
90,משה ארבל,1
90,עידן רול,1
90,עמית הלוי,1
90,קטי קטרין שטרית,1
90,רון כץ,1
90,שלמה קרעי,1
90,שרן מרים השכל,1
91,speaker_key,1832
91,שמחה רוטמן,779
91,דוד ביטן,453
91,יעקב אשר,339
91,גלעד קריב,278
91,יונתן מישרקי,219
91,יוסף טייב,174
91,צביקה פוגל,164
91,משה גפני,106
91,עמית הלוי,90
91,יצחק פינדרוס,89
91,ולדימיר בליאק,82
91,לימור סון הר מלך,79
91,יסמין פרידמן,76
91,משה סעדה,75
91,אליהו רביבו,71
91,עודד פורר,69
91,מירב בן ארי,64
91,שלום דנינו,63
91,פנינה תמנו,61
91,יוראי להב הרצנו,60
91,אופיר כץ,58
91,ששון ששי גואטה,58
91,אורית פרקש הכהן,56
91,קארין אלהרר,54
91,זאב אלקין,51
91,מיקי לוי,51
91,מטי צרפתי הרכבי,49
91,ינון אזולאי,48
91,שלי טל מירון,48
91,משה סולומון,47
91,נאור שירי,47
91,עאידה תומא סלימאן,45
91,ישראל אייכלר,44
91,אלי דלל,41
91,מיכאל מרדכי ביטון,40
91,נעמה לזימי,40
91,עמיחי אליהו,40
91,בועז טופורובסקי,39
91,ארז מלול,35
91,טלי גוטליב,35
91,חמד עמאר,33
91,עופר כסיף,33
91,אוריאל בוסו,32
91,משה פסל,31
91,יבגני סובה,30
91,יולי יואל אדלשטיין,29
91,מירב כהן,28
91,קטי קטרין שטרית,25
91,אריאל קלנר,24
91,ניסים ואטורי,23
91,חוה אתי עטייה,21
91,סימון דוידסון,21
91,צבי ידידיה סוכות,20
91,אלעזר שטרן,19
91,דבי ביטון,19
91,יוליה מלינובסקי,19
91,אלון שוסטר,18
91,אחמד טיבי,17
91,חנוך דב מלביצקי,15
91,אפרת רייטן מרום,14
91,יואב סגלוביץ',14
91,מיכל מרים וולדיגר,14
91,יצחק קרויזר,13
91,מתן כהנא,13
91,אברהם בצלאל,12
91,ירון לוי,11
91,משה טור פז,10
91,איימן עודה,9
91,משה ארבל,9
91,רון כץ,9
91,אימאן ח'טיב יאסין,8
91,אליהו ברוכי,8
91,שלמה קרעי,8
91,גלית דיסטל אטבריאן,7
91,טטיאנה מזרסקי,7
91,יוסף עטאונה,7
91,ניר ברקת,7
91,רם בן ברק,7
91,ואליד אלהואשלה,6
91,אוהד טל,5
91,אורנה ברביבאי,5
91,מאיר כהן,5
91,ווליד טאהא,4
91,יואב קיש,4
91,שרון ניר,4
91,אביגדור ליברמן,3
91,אביחי אברהם בוארון,3
91,חילי טרופר,3
91,יאסר חוג'יראת,3
91,סימון מושיאשוילי,3
91,מיכל שיר סגמן,2
91,שרן מרים השכל,2
91,איתמר בן גביר,1
91,בועז ביסמוט,1
91,גדעון סער,1
91,דוד אמסלם,1
91,דן אילוז,1
91,מיכאל מלכיאלי,1
91,מרב מיכאלי,1
91,משה רוט,1
92,speaker_key,2224
92,שמחה רוטמן,722
92,דוד ביטן,429
92,יעקב אשר,412
92,צביקה פוגל,288
92,משה גפני,278
92,יונתן מישרקי,266
92,אופיר כץ,210
92,יוסף טייב,193
92,גלעד קריב,179
92,נאור שירי,167
92,ינון אזולאי,161
92,נעמה לזימי,158
92,ישראל אייכלר,157
92,מיכאל מרדכי ביטון,137
92,עודד פורר,126
92,טלי גוטליב,122
92,אליהו רביבו,111
92,פנינה תמנו,104
92,זאב אלקין,99
92,ארז מלול,97
92,מיקי לוי,96
92,קארין אלהרר,85
92,משה פסל,81
92,מירב בן ארי,80
92,יוראי להב הרצנו,78
92,ולדימיר בליאק,75
92,שלום דנינו,71
92,עמית הלוי,70
92,לימור סון הר מלך,67
92,יצחק פינדרוס,64
92,אורית פרקש הכהן,62
92,אלי דלל,60
92,סימון דוידסון,58
92,מטי צרפתי הרכבי,56
92,יולי יואל אדלשטיין,55
92,משה סעדה,49
92,אברהם בצלאל,48
92,מירב כהן,48
92,משה טור פז,45
92,אחמד טיבי,44
92,איימן עודה,43
92,עאידה תומא סלימאן,43
92,חמד עמאר,42
92,חנוך דב מלביצקי,42
92,אוהד טל,41
92,אלמוג כהן,39
92,יסמין פרידמן,39
92,יוליה מלינובסקי,36
92,יצחק קרויזר,35
92,מיכל מרים וולדיגר,34
92,אלון שוסטר,29
92,אפרת רייטן מרום,28
92,משה סולומון,27
92,ירון לוי,25
92,מאיר כהן,25
92,צבי ידידיה סוכות,25
92,אוריאל בוסו,24
92,דבי ביטון,24
92,יואב סגלוביץ',24
92,עידן רול,23
92,רון כץ,22
92,שלמה קרעי,22
92,אלעזר שטרן,21
92,אריאל קלנר,21
92,ניסים ואטורי,21
92,אביחי אברהם בוארון,20
92,בועז טופורובסקי,20
92,עופר כסיף,20
92,דן אילוז,19
92,ווליד טאהא,19
92,חוה אתי עטייה,18
92,יאסר חוג'יראת,15
92,קטי קטרין שטרית,15
92,שלי טל מירון,15
92,יוסף עטאונה,14
92,משה רוט,13
92,טטיאנה מזרסקי,11
92,שרון ניר,11
92,בועז ביסמוט,10
92,יבגני סובה,10
92,עמיחי אליהו,10
92,צגה מלקו,10
92,שרן מרים השכל,9
92,ששון ששי גואטה,9
92,אליהו ברוכי,8
92,מיכל שיר סגמן,8
92,סימון מושיאשוילי,7
92,אימאן ח'טיב יאסין,6
92,ואליד אלהואשלה,6
92,מנסור עבאס,6
92,איתמר בן גביר,5
92,חיים ביטון,5
92,גדעון סער,4
92,אורנה ברביבאי,3
92,גלית דיסטל אטבריאן,3
92,עידית סילמן,3
92,רם בן ברק,3
92,חילי טרופר,2
92,יואב קיש,2
92,יעקב מרגי,2
92,מתן כהנא,2
92,ניר ברקת,2
92,גדי איזנקוט,1
92,יפעת שאשא ביטון,1
92,מאיר פרוש,1
92,מישל בוסקילה,1
93,speaker_key,4643
93,שמחה רוטמן,1223
93,דוד ביטן,1155
93,יעקב אשר,873
93,משה גפני,725
93,גלעד קריב,654
93,יונתן מישרקי,586
93,צביקה פוגל,551
93,טלי גוטליב,491
93,מיקי לוי,487
93,מיכאל מרדכי ביטון,435
93,פנינה תמנו,431
93,נאור שירי,392
93,אליהו רביבו,376
93,עודד פורר,349
93,יצחק פינדרוס,340
93,ישראל אייכלר,310
93,נעמה לזימי,285
93,יוסף טייב,271
93,לימור סון הר מלך,225
93,מטי צרפתי הרכבי,210
93,ינון אזולאי,205
93,זאב אלקין,193
93,אורית פרקש הכהן,176
93,ולדימיר בליאק,170
93,יוראי להב הרצנו,161
93,קארין אלהרר,155
93,מיכל מרים וולדיגר,154
93,מירב כהן,153
93,שלום דנינו,153
93,ארז מלול,132
93,אברהם בצלאל,124
93,אופיר כץ,119
93,אלי דלל,111
93,רון כץ,111
93,מירב בן ארי,107
93,יואב סגלוביץ',100
93,סימון דוידסון,99
93,יולי יואל אדלשטיין,97
93,חנוך דב מלביצקי,96
93,עמית הלוי,96
93,יוליה מלינובסקי,95
93,משה טור פז,94
93,קטי קטרין שטרית,90
93,מאיר כהן,89
93,דבי ביטון,80
93,אוהד טל,79
93,צבי ידידיה סוכות,79
93,יסמין פרידמן,77
93,גלית דיסטל אטבריאן,76
93,יוסף עטאונה,75
93,חמד עמאר,70
93,משה פסל,70
93,עאידה תומא סלימאן,68
93,שלי טל מירון,65
93,אלון שוסטר,64
93,משה סעדה,64
93,אביחי אברהם בוארון,62
93,אריאל קלנר,60
93,יצחק קרויזר,59
93,אלמוג כהן,57
93,אפרת רייטן מרום,53
93,איימן עודה,50
93,טטיאנה מזרסקי,48
93,אביגדור ליברמן,45
93,אלעזר שטרן,45
93,בועז ביסמוט,45
93,יאסר חוג'יראת,44
93,שרן מרים השכל,44
93,אליהו ברוכי,43
93,שרון ניר,43
93,אימאן ח'טיב יאסין,40
93,משה סולומון,40
93,מתן כהנא,31
93,בועז טופורובסקי,30
93,אחמד טיבי,29
93,ירון לוי,29
93,ואליד אלהואשלה,28
93,חוה אתי עטייה,28
93,אבי מעוז,27
93,ניסים ואטורי,26
93,רם בן ברק,22
93,מיכל שיר סגמן,20
93,יבגני סובה,18
93,עופר כסיף,18
93,צגה מלקו,18
93,ששון ששי גואטה,16
93,ווליד טאהא,15
93,חילי טרופר,14
93,מרב מיכאלי,12
93,אוריאל בוסו,10
93,דן אילוז,10
93,סימון מושיאשוילי,10
93,עידן רול,9
93,יואב בן צור,7
93,עידית סילמן,6
93,יעקב מרגי,5
93,עמיחי אליהו,5
93,איתן גינזבורג,3
93,יפעת שאשא ביטון,3
93,משה רוט,3
93,שלמה קרעי,3
93,איתמר בן גביר,2
93,גדי איזנקוט,2
93,משה ארבל,2
93,אריה מכלוף דרעי,1
93,מנסור עבאס,1
93,עפיף עבד,1
94,speaker_key,5105
94,שמחה רוטמן,1667
94,דוד ביטן,1168
94,יעקב אשר,970
94,משה גפני,684
94,ינון אזולאי,518
94,יוסף טייב,498
94,נאור שירי,490
94,אופיר כץ,449
94,צביקה פוגל,448
94,אליהו רביבו,425
94,יונתן מישרקי,425
94,יצחק פינדרוס,425
94,גלעד קריב,420
94,ישראל אייכלר,417
94,עודד פורר,394
94,מיכאל מרדכי ביטון,390
94,ולדימיר בליאק,357
94,פנינה תמנו,310
94,מיקי לוי,309
94,נעמה לזימי,289
94,מטי צרפתי הרכבי,285
94,זאב אלקין,278
94,טלי גוטליב,274
94,יוראי להב הרצנו,244
94,עמית הלוי,228
94,מירב בן ארי,217
94,קארין אלהרר,194
94,משה סעדה,191
94,אלי דלל,176
94,יסמין פרידמן,159
94,אורית פרקש הכהן,158
94,שלום דנינו,157
94,אפרת רייטן מרום,156
94,סימון דוידסון,154
94,ארז מלול,147
94,חנוך דב מלביצקי,147
94,מירב כהן,147
94,מיכל מרים וולדיגר,145
94,לימור סון הר מלך,141
94,דבי ביטון,125
94,חמד עמאר,121
94,רון כץ,117
94,עאידה תומא סלימאן,116
94,משה טור פז,114
94,אוהד טל,113
94,אוריאל בוסו,106
94,יוליה מלינובסקי,106
94,מאיר כהן,105
94,אלעזר שטרן,103
94,יולי יואל אדלשטיין,101
94,ניסים ואטורי,93
94,יבגני סובה,92
94,אברהם בצלאל,91
94,אלון שוסטר,91
94,צבי ידידיה סוכות,91
94,איתמר בן גביר,86
94,חוה אתי עטייה,84
94,יואב קיש,80
94,יואב סגלוביץ',79
94,שלי טל מירון,79
94,טטיאנה מזרסקי,75
94,משה סולומון,68
94,יוסף עטאונה,67
94,יצחק קרויזר,67
94,קטי קטרין שטרית,65
94,בועז טופורובסקי,63
94,אליהו ברוכי,61
94,שרון ניר,58
94,משה פסל,55
94,עופר כסיף,51
94,אחמד טיבי,50
94,איימן עודה,50
94,ירון לוי,49
94,מתן כהנא,47
94,יאסר חוג'יראת,46
94,אלמוג כהן,44
94,משה ארבל,44
94,אריאל קלנר,42
94,בועז ביסמוט,42
94,צגה מלקו,39
94,שלמה קרעי,39
94,אביחי אברהם בוארון,36
94,שרן מרים השכל,36
94,אביגדור ליברמן,33
94,אורנה ברביבאי,29
94,אימאן ח'טיב יאסין,27
94,ווליד טאהא,23
94,רם בן ברק,21
94,דן אילוז,20
94,מיכל שיר סגמן,17
94,ששון ששי גואטה,16
94,חילי טרופר,15
94,גלית דיסטל אטבריאן,14
94,משה רוט,14
94,סימון מושיאשוילי,13
94,ואליד אלהואשלה,12
94,יפעת שאשא ביטון,12
94,עידן רול,10
94,מרב מיכאלי,9
94,עמיחי אליהו,9
94,מאיר פרוש,8
94,מישל בוסקילה,8
94,מנסור עבאס,6
94,דוד אמסלם,5
94,אופיר סופר,2
94,גדעון סער,2
94,חיים ביטון,2
94,איתן גינזבורג,1
94,אלי כהן,1
94,גדי איזנקוט,1
94,יאיר לפיד,1
94,יעקב מרגי,1
94,יצחק שמעון וסרלאוף,1
94,עידית סילמן,1
94,עמיחי שיקלי,1
94,עפיף עבד,1
95,speaker_key,1620
95,דוד ביטן,485
95,שרן מרים השכל,328
95,נאור שירי,311
95,שמחה רוטמן,281
95,גלעד קריב,200
95,ינון אזולאי,168
95,יצחק פינדרוס,152
95,ישראל אייכלר,124
95,נעמה לזימי,119
95,שלום דנינו,106
95,אלון שוסטר,104
95,מיכאל מרדכי ביטון,97
95,צביקה פוגל,83
95,עודד פורר,82
95,אורית פרקש הכהן,79
95,משה גפני,79
95,ולדימיר בליאק,75
95,אליהו רביבו,73
95,מטי צרפתי הרכבי,65
95,יעקב אשר,59
95,יוליה מלינובסקי,54
95,יוסף עטאונה,51
95,יונתן מישרקי,49
95,משה פסל,46
95,טלי גוטליב,39
95,משה סעדה,37
95,אלי דלל,36
95,יוסף טייב,36
95,יסמין פרידמן,35
95,אופיר כץ,32
95,יוראי להב הרצנו,32
95,מישל בוסקילה,32
95,חמד עמאר,31
95,אוהד טל,29
95,קארין אלהרר,29
95,צבי ידידיה סוכות,28
95,אחמד טיבי,26
95,יבגני סובה,26
95,פנינה תמנו,24
95,גלית דיסטל אטבריאן,23
95,חנוך דב מלביצקי,22
95,רון כץ,21
95,זאב אלקין,17
95,מיקי לוי,17
95,ניסים ואטורי,17
95,סימון דוידסון,16
95,מירב בן ארי,15
95,יולי יואל אדלשטיין,14
95,עופר כסיף,14
95,לימור סון הר מלך,13
95,דבי ביטון,12
95,אלמוג כהן,11
95,מיכל מרים וולדיגר,11
95,מירב כהן,11
95,מתן כהנא,10
95,יואב סגלוביץ',9
95,עמית הלוי,9
95,טטיאנה מזרסקי,8
95,אורנה ברביבאי,7
95,ארז מלול,7
95,משה סולומון,7
95,אביחי אברהם בוארון,6
95,משה טור פז,5
95,עאידה תומא סלימאן,5
95,אוריאל בוסו,4
95,אפרת רייטן מרום,4
95,חוה אתי עטייה,4
95,ירון לוי,4
95,מאיר כהן,4
95,שלי טל מירון,4
95,אברהם בצלאל,3
95,איימן עודה,3
95,אימאן ח'טיב יאסין,2
95,אליהו ברוכי,2
95,אלעזר שטרן,2
95,אריאל קלנר,2
95,יאסר חוג'יראת,2
95,משה רוט,2
95,סימון מושיאשוילי,2
95,קטי קטרין שטרית,2
95,רם בן ברק,2
95,שלמה קרעי,2
95,אביגדור ליברמן,1
95,איתמר בן גביר,1
95,דן אילוז,1
95,ואליד אלהואשלה,1
95,יואב קיש,1
95,מיכל שיר סגמן,1
95,מרב מיכאלי,1
95,שרון ניר,1
95,ששון ששי גואטה,1
96,speaker_key,2677
96,שמחה רוטמן,758
96,דוד ביטן,663
96,יעקב אשר,560
96,משה גפני,338
96,גלעד קריב,282
96,ישראל אייכלר,233
96,נאור שירי,228
96,מיכאל מרדכי ביטון,219
96,ינון אזולאי,214
96,צביקה פוגל,213
96,יונתן מישרקי,202
96,פנינה תמנו,201
96,יצחק פינדרוס,190
96,יוסף טייב,189
96,אליהו רביבו,184
96,נעמה לזימי,183
96,אופיר כץ,181
96,ולדימיר בליאק,172
96,עודד פורר,163
96,מיקי לוי,131
96,טלי גוטליב,118
96,קארין אלהרר,117
96,זאב אלקין,102
96,שלום דנינו,102
96,אורית פרקש הכהן,100
96,אפרת רייטן מרום,97
96,לימור סון הר מלך,86
96,עמית הלוי,84
96,יוראי להב הרצנו,81
96,מירב כהן,80
96,יסמין פרידמן,79
96,יולי יואל אדלשטיין,77
96,צבי ידידיה סוכות,74
96,אלי דלל,72
96,חמד עמאר,64
96,מיכל מרים וולדיגר,64
96,מטי צרפתי הרכבי,62
96,משה טור פז,62
96,סימון דוידסון,61
96,רון כץ,61
96,מירב בן ארי,58
96,אלון שוסטר,57
96,דבי ביטון,57
96,חנוך דב מלביצקי,53
96,משה סעדה,53
96,אוריאל בוסו,51
96,קטי קטרין שטרית,50
96,חוה אתי עטייה,49
96,ניסים ואטורי,47
96,יואב סגלוביץ',46
96,אברהם בצלאל,45
96,ארז מלול,41
96,יוליה מלינובסקי,40
96,אלעזר שטרן,39
96,עופר כסיף,38
96,בועז ביסמוט,37
96,אחמד טיבי,36
96,אוהד טל,34
96,אריאל קלנר,34
96,עאידה תומא סלימאן,33
96,אביחי אברהם בוארון,32
96,יבגני סובה,30
96,שרון ניר,30
96,שלמה קרעי,29
96,שלי טל מירון,28
96,משה פסל,27
96,שרן מרים השכל,27
96,יאסר חוג'יראת,26
96,יוסף עטאונה,26
96,רם בן ברק,25
96,אליהו ברוכי,24
96,יואב קיש,24
96,אימאן ח'טיב יאסין,22
96,משה סולומון,22
96,אורנה ברביבאי,21
96,יצחק קרויזר,21
96,מיכל שיר סגמן,20
96,אלמוג כהן,17
96,ירון לוי,17
96,איימן עודה,16
96,בועז טופורובסקי,16
96,ווליד טאהא,16
96,טטיאנה מזרסקי,16
96,מאיר כהן,16
96,דן אילוז,15
96,ששון ששי גואטה,15
96,גלית דיסטל אטבריאן,14
96,צגה מלקו,14
96,יפעת שאשא ביטון,13
96,מתן כהנא,12
96,ואליד אלהואשלה,10
96,עידן רול,10
96,מרב מיכאלי,9
96,משה ארבל,9
96,משה רוט,9
96,סימון מושיאשוילי,6
96,אביגדור ליברמן,5
96,חילי טרופר,5
96,עמיחי אליהו,5
96,גדעון סער,3
96,חיים ביטון,3
96,יעקב מרגי,2
96,מאיר פרוש,2
96,מישל בוסקילה,2
96,מנסור עבאס,2
96,אופיר סופר,1
96,איתמר בן גביר,1
96,איתן גינזבורג,1
96,אריה מכלוף דרעי,1
96,גדי איזנקוט,1
96,גילה גמליאל,1
96,דוד אמסלם,1
96,יעל רון בן משה,1
96,יריב לוין,1
96,סמיר בן סעיד,1
97,speaker_key,4483
97,שמחה רוטמן,1334
97,יעקב אשר,1090
97,משה גפני,810
97,דוד ביטן,780
97,נאור שירי,510
97,ינון אזולאי,487
97,מיכאל מרדכי ביטון,458
97,גלעד קריב,395
97,ולדימיר בליאק,367
97,יוסף טייב,362
97,אופיר כץ,328
97,חמד עמאר,319
97,צביקה פוגל,318
97,ישראל אייכלר,298
97,יצחק פינדרוס,290
97,עמית הלוי,273
97,נעמה לזימי,270
97,לימור סון הר מלך,239
97,יסמין פרידמן,233
97,אליהו ברוכי,232
97,פנינה תמנו,231
97,אליהו רביבו,228
97,עודד פורר,220
97,מיקי לוי,218
97,יונתן מישרקי,205
97,יולי יואל אדלשטיין,196
97,אפרת רייטן מרום,189
97,טלי גוטליב,186
97,אורית פרקש הכהן,184
97,יוראי להב הרצנו,182
97,מיכל מרים וולדיגר,165
97,יבגני סובה,160
97,מטי צרפתי הרכבי,147
97,מירב בן ארי,145
97,חנוך דב מלביצקי,138
97,עאידה תומא סלימאן,137
97,צבי ידידיה סוכות,133
97,משה טור פז,113
97,אלי דלל,111
97,משה סעדה,110
97,קארין אלהרר,110
97,זאב אלקין,109
97,חוה אתי עטייה,108
97,סימון דוידסון,105
97,יואב סגלוביץ',103
97,שלום דנינו,103
97,אוהד טל,102
97,מירב כהן,102
97,אריאל קלנר,100
97,ניסים ואטורי,97
97,יוליה מלינובסקי,90
97,אוריאל בוסו,87
97,דבי ביטון,86
97,אימאן ח'טיב יאסין,80
97,עופר כסיף,80
97,אחמד טיבי,79
97,מאיר כהן,79
97,ארז מלול,77
97,שלי טל מירון,73
97,שרון ניר,63
97,אלעזר שטרן,62
97,אלון שוסטר,61
97,גלית דיסטל אטבריאן,61
97,ווליד טאהא,61
97,יוסף עטאונה,57
97,קטי קטרין שטרית,56
97,משה סולומון,55
97,משה פסל,47
97,שרן מרים השכל,46
97,יצחק קרויזר,42
97,מיכל שיר סגמן,41
97,עמיחי אליהו,41
97,בועז ביסמוט,40
97,אלמוג כהן,37
97,יאסר חוג'יראת,37
97,רון כץ,33
97,אברהם בצלאל,32
97,אביחי אברהם בוארון,31
97,טטיאנה מזרסקי,31
97,ששון ששי גואטה,29
97,משה רוט,27
97,בועז טופורובסקי,25
97,חיים ביטון,25
97,צגה מלקו,25
97,רם בן ברק,25
97,יואב קיש,23
97,איימן עודה,22
97,עידן רול,22
97,מתן כהנא,21
97,שלמה קרעי,20
97,ירון לוי,14
97,אביגדור ליברמן,10
97,ואליד אלהואשלה,10
97,משה ארבל,10
97,סימון מושיאשוילי,10
97,אורנה ברביבאי,8
97,חילי טרופר,8
97,דן אילוז,7
97,מאיר פרוש,7
97,גדי איזנקוט,5
97,אורי מקלב,3
97,משה אבוטבול,3
97,דוד אמסלם,2
97,יעל רון בן משה,2
97,יפעת שאשא ביטון,2
97,מאי גולן,2
97,מישל בוסקילה,2
97,מרב מיכאלי,2
97,איתן גינזבורג,1
97,אריה מכלוף דרעי,1
97,גדעון סער,1
97,יאיר לפיד,1
97,יואב בן צור,1
97,יצחק שמעון וסרלאוף,1
97,מיכאל מלכיאלי,1
97,מכלוף מיקי זוהר,1
98,speaker_key,3823
98,שמחה רוטמן,1145
98,דוד ביטן,1052
98,יעקב אשר,729
98,משה גפני,565
98,גלעד קריב,402
98,ינון אזולאי,356
98,נאור שירי,328
98,צביקה פוגל,298
98,מיכאל מרדכי ביטון,297
98,ישראל אייכלר,294
98,פנינה תמנו,294
98,נעמה לזימי,273
98,יוסף טייב,270
98,עודד פורר,262
98,אליהו רביבו,249
98,יצחק פינדרוס,244
98,יונתן מישרקי,219
98,ולדימיר בליאק,209
98,אופיר כץ,200
98,מיקי לוי,185
98,קארין אלהרר,163
98,טלי גוטליב,155
98,אורית פרקש הכהן,136
98,יולי יואל אדלשטיין,135
98,יסמין פרידמן,133
98,אלי דלל,128
98,לימור סון הר מלך,126
98,מיכל מרים וולדיגר,124
98,עמית הלוי,124
98,זאב אלקין,123
98,יוראי להב הרצנו,123
98,שלום דנינו,123
98,מירב בן ארי,121
98,אוריאל בוסו,106
98,יואב סגלוביץ',104
98,סימון דוידסון,103
98,ארז מלול,101
98,מירב כהן,92
98,צבי ידידיה סוכות,91
98,מטי צרפתי הרכבי,88
98,משה סעדה,84
98,שלמה קרעי,84
98,אפרת רייטן מרום,83
98,חוה אתי עטייה,77
98,חמד עמאר,77
98,אלמוג כהן,70
98,חנוך דב מלביצקי,70
98,אלון שוסטר,66
98,משה טור פז,66
98,רון כץ,66
98,שרון ניר,63
98,קטי קטרין שטרית,62
98,אלעזר שטרן,61
98,אוהד טל,60
98,דבי ביטון,60
98,יצחק קרויזר,59
98,יואב קיש,57
98,יבגני סובה,55
98,יוליה מלינובסקי,55
98,מאיר כהן,53
98,עאידה תומא סלימאן,49
98,ניסים ואטורי,47
98,שרן מרים השכל,47
98,שלי טל מירון,46
98,אברהם בצלאל,42
98,אריאל קלנר,42
98,אימאן ח'טיב יאסין,41
98,אחמד טיבי,40
98,יוסף עטאונה,40
98,טטיאנה מזרסקי,39
98,משה סולומון,39
98,אביחי אברהם בוארון,34
98,אליהו ברוכי,32
98,עידן רול,32
98,ירון לוי,31
98,ווליד טאהא,30
98,יאסר חוג'יראת,30
98,משה פסל,30
98,בועז ביסמוט,29
98,רם בן ברק,26
98,איימן עודה,24
98,עופר כסיף,22
98,סימון מושיאשוילי,20
98,צגה מלקו,20
98,גלית דיסטל אטבריאן,19
98,מתן כהנא,17
98,ששון ששי גואטה,16
98,מיכל שיר סגמן,15
98,משה רוט,14
98,יפעת שאשא ביטון,13
98,דן אילוז,12
98,אורנה ברביבאי,11
98,בועז טופורובסקי,10
98,עידית סילמן,10
98,מרב מיכאלי,9
98,משה ארבל,8
98,חילי טרופר,6
98,ואליד אלהואשלה,5
98,אביגדור ליברמן,4
98,מנסור עבאס,3
98,עמיחי אליהו,3
98,גדעון סער,2
98,חיים ביטון,2
98,יואב גלנט,2
98,יעקב מרגי,2
98,ניר ברקת,2
98,אבי דיכטר,1
98,אבי מעוז,1
98,איתמר בן גביר,1
98,איתן גינזבורג,1
98,דוד אמסלם,1
98,יצחק שמעון וסרלאוף,1
98,מאיר פרוש,1
98,משה אבוטבול,1
99,speaker_key,5259
99,שמחה רוטמן,1319
99,יעקב אשר,1140
99,דוד ביטן,1042
99,משה גפני,702
99,גלעד קריב,680
99,אופיר כץ,391
99,צביקה פוגל,388
99,נעמה לזימי,385
99,ינון אזולאי,379
99,יונתן מישרקי,353
99,מיכאל מרדכי ביטון,335
99,אליהו רביבו,327
99,ישראל אייכלר,317
99,נאור שירי,302
99,מיקי לוי,300
99,ולדימיר בליאק,279
99,יצחק פינדרוס,276
99,יוסף טייב,253
99,פנינה תמנו,246
99,זאב אלקין,228
99,קארין אלהרר,225
99,אלי דלל,206
99,עמית הלוי,202
99,טלי גוטליב,190
99,עודד פורר,189
99,לימור סון הר מלך,181
99,מירב בן ארי,168
99,אברהם בצלאל,164
99,מירב כהן,163
99,אפרת רייטן מרום,162
99,שלום דנינו,152
99,משה סעדה,128
99,חמד עמאר,125
99,חנוך דב מלביצקי,116
99,יסמין פרידמן,114
99,סימון דוידסון,113
99,אורית פרקש הכהן,111
99,יוראי להב הרצנו,111
99,אוריאל בוסו,108
99,דבי ביטון,102
99,ארז מלול,101
99,מטי צרפתי הרכבי,99
99,יואב סגלוביץ',97
99,בועז ביסמוט,94
99,צבי ידידיה סוכות,91
99,עופר כסיף,89
99,יבגני סובה,86
99,מיכל מרים וולדיגר,80
99,יולי יואל אדלשטיין,79
99,יוסף עטאונה,79
99,אוהד טל,76
99,אביחי אברהם בוארון,75
99,משה טור פז,74
99,שלי טל מירון,73
99,אלעזר שטרן,72
99,יוליה מלינובסקי,70
99,קטי קטרין שטרית,69
99,יצחק קרויזר,67
99,אחמד טיבי,66
99,רם בן ברק,66
99,שלמה קרעי,65
99,מיכל שיר סגמן,64
99,רון כץ,64
99,אלון שוסטר,61
99,ניסים ואטורי,61
99,עאידה תומא סלימאן,60
99,אלמוג כהן,56
99,יאסר חוג'יראת,53
99,אורנה ברביבאי,48
99,יואב קיש,48
99,משה סולומון,46
99,שרון ניר,46
99,מאיר כהן,45
99,טטיאנה מזרסקי,44
99,איימן עודה,38
99,אימאן ח'טיב יאסין,37
99,משה פסל,37
99,בועז טופורובסקי,35
99,אליהו ברוכי,32
99,ירון לוי,32
99,צגה מלקו,31
99,מתן כהנא,29
99,חוה אתי עטייה,28
99,שרן מרים השכל,26
99,יפעת שאשא ביטון,25
99,אריאל קלנר,24
99,משה ארבל,24
99,ששון ששי גואטה,23
99,ווליד טאהא,21
99,איתמר בן גביר,18
99,מרב מיכאלי,17
99,גלית דיסטל אטבריאן,16
99,ואליד אלהואשלה,16
99,משה רוט,16
99,דן אילוז,15
99,סימון מושיאשוילי,15
99,גדי איזנקוט,13
99,דוד אמסלם,12
99,אביגדור ליברמן,10
99,עמיחי אליהו,10
99,מישל בוסקילה,6
99,עידן רול,6
99,מנסור עבאס,5
99,גילה גמליאל,4
99,חילי טרופר,4
99,יצחק גולדקנופ,3
99,אבי מעוז,2
99,משה אבוטבול,2
99,איתן גינזבורג,1
99,אמיר אוחנה,1
99,גדעון סער,1
99,יריב לוין,1
